babagut	FOUND
babarur	FOUND
babeguc	FOUND
babesoh	FOUND
babibal	FOUND
babikev	FOUND
babokyl	FOUND
baboneg	FOUND
babovog	FOUND
babycyp	FOUND
bacades	FOUND
bacefyd	FOUND
bacixig	FOUND
bacolux	FOUND
bacunig	FOUND
badagex	FOUND
badekud	FOUND
baduhek	FOUND
badutif	FOUND
badybot	FOUND
badydek	FOUND
bafomyr	FOUND
bafybov	FOUND
bagaboh	FOUND
bagabug	FOUND
baganid	FOUND
bagehyb	FOUND
bagesam	FOUND
bagydim	FOUND
bahinih	FOUND
bahives	FOUND
bahulan	FOUND
bahyfot	FOUND
bahyhal	FOUND
bakeboz	FOUND
bakegox	FOUND
bakobun	FOUND
bakubun	FOUND
bakugov	FOUND
balabap	FOUND
balokeh	FOUND
balolep	FOUND
balugyh	FOUND
balumol	FOUND
balypog	FOUND
banalis	FOUND
banikez	FOUND
banucus	FOUND
banunor	FOUND
banyrad	FOUND
baperel	FOUND
baposaf	FOUND
bapureg	FOUND
bapyhid	FOUND
barazik	FOUND
baribiz	FOUND
barobal	FOUND
barovob	FOUND
barydik	FOUND
basaxeh	FOUND
basidud	FOUND
basigek	FOUND
basoken	FOUND
basokim	FOUND
basusuk	FOUND
batedoc	FOUND
batemuz	FOUND
batenov	FOUND
batesas	FOUND
batimec	FOUND
batolol	FOUND
batumab	FOUND
batusuv	FOUND
bavadot	FOUND
bavamyt	FOUND
bavarag	FOUND
bavinab	FOUND
bavugeb	FOUND
bavusyg	FOUND
bavuxyh	FOUND
baxidax	FOUND
baxidiz	FOUND
baxikug	FOUND
baxivyc	FOUND
baxydix	FOUND
baxymel	FOUND
baxyreb	FOUND
bazakod	FOUND
bazisol	FOUND
bazomad	FOUND
bazubog	FOUND
bazutag	FOUND
bazydup	FOUND
bebamep	FOUND
bebikid	FOUND
bebinin	FOUND
bebixup	FOUND
bebizod	FOUND
bebodym	FOUND
bebofog	FOUND
beboneb	FOUND
bebucib	FOUND
bebybyc	FOUND
bebygyr	FOUND
bebykes	FOUND
bebyvad	FOUND
becibyr	FOUND
becirov	FOUND
becomes	MISS
becucen	FOUND
becybad	FOUND
bedebyc	FOUND
bedibug	FOUND
bedidet	FOUND
bedityr	FOUND
bedogyb	FOUND
bedokik	FOUND
bedupog	FOUND
beduvuv	FOUND
bedyguk	FOUND
befasuk	FOUND
befegel	FOUND
befiseg	FOUND
befydid	FOUND
begadad	FOUND
begekah	FOUND
begikid	FOUND
begisok	FOUND
begizif	FOUND
begozig	FOUND
begugys	FOUND
begusyt	FOUND
begycar	FOUND
behapeg	FOUND
behaved	MISS
behaves	MISS
behegyd	FOUND
behehof	FOUND
behehos	FOUND
behevin	FOUND
behodod	FOUND
behogan	FOUND
behonok	FOUND
behosix	FOUND
behylib	FOUND
bekekol	FOUND
bekotek	FOUND
beladab	FOUND
belated	MISS
belitub	FOUND
beluleb	FOUND
bemedyb	FOUND
bemegoz	FOUND
bemises	FOUND
benaryh	FOUND
benavud	FOUND
benexaf	FOUND
benihir	FOUND
benilyd	FOUND
benimof	FOUND
benizin	FOUND
benofab	FOUND
benovud	FOUND
benufac	FOUND
benyham	FOUND
bepezuc	FOUND
bepigec	FOUND
bepihix	FOUND
bepozyz	FOUND
bepugem	FOUND
beravet	FOUND
beresel	FOUND
berofyl	FOUND
berokyc	FOUND
berorik	FOUND
beroxut	FOUND
beruhys	FOUND
berumeg	FOUND
berynob	FOUND
berysad	FOUND
besased	FOUND
besatic	FOUND
besecug	FOUND
besegit	FOUND
besexol	FOUND
besides	MISS
besimob	FOUND
besofub	FOUND
besomyt	FOUND
besuvuk	FOUND
betahal	FOUND
beteguc	FOUND
betehar	FOUND
betexik	FOUND
betobef	FOUND
betonat	FOUND
bevizif	FOUND
bevydeb	FOUND
bexafif	FOUND
bexegob	FOUND
bexidib	FOUND
bexivov	FOUND
bexocyv	FOUND
bexofes	FOUND
bezatez	FOUND
bezikid	FOUND
bezopyr	FOUND
bezylim	FOUND
bibemac	FOUND
bibicas	MISS
bibicyg	FOUND
bibofaf	FOUND
bibogod	FOUND
bibotac	FOUND
biboted	FOUND
biburet	FOUND
bibuxom	FOUND
bibybub	FOUND
bibyhil	FOUND
bibypis	FOUND
bicacoh	FOUND
bicezof	FOUND
bicibas	FOUND
bicinuh	FOUND
bicyzat	FOUND
bidaneb	FOUND
bidaril	FOUND
bidavup	FOUND
bidavyk	FOUND
bidivaf	FOUND
bidodys	FOUND
bidorem	FOUND
bidukef	FOUND
biduran	FOUND
bidynir	FOUND
bifakab	FOUND
bifetaf	FOUND
bifetak	MISS
bifobec	FOUND
bifobon	FOUND
biganyg	FOUND
bigedis	FOUND
bigekyx	FOUND
bigepyd	FOUND
bigiraf	FOUND
bigisyd	FOUND
bigoguf	FOUND
bigoruh	FOUND
bigufed	FOUND
bigukum	FOUND
bigyrub	FOUND
bigyryg	FOUND
bigyzof	FOUND
bihaxif	FOUND
bihedor	FOUND
bihepam	FOUND
bihiryg	FOUND
bihygob	FOUND
bikenob	FOUND
bikubyh	FOUND
bikufig	FOUND
bikykoc	FOUND
bilebud	FOUND
bilexyf	FOUND
biludif	FOUND
bilupib	FOUND
bimogov	FOUND
bimokun	FOUND
bimoxix	FOUND
bimuned	FOUND
binibyz	FOUND
bininan	FOUND
binumir	FOUND
bipabyg	FOUND
bipanim	FOUND
bipavug	FOUND
bipazuk	FOUND
bipugef	FOUND
bipyxib	FOUND
biredap	FOUND
birisix	FOUND
birituk	FOUND
biryguh	FOUND
bisekyv	FOUND
bisikor	FOUND
bisiryd	FOUND
bisonyb	FOUND
bitevid	FOUND
bitivog	FOUND
bitodop	FOUND
bitugyf	FOUND
bivesuz	FOUND
bivexad	FOUND
bivydyv	FOUND
bivytar	FOUND
bixihyg	FOUND
biximud	FOUND
bixobuz	FOUND
bixolyg	FOUND
bixudyn	FOUND
bixuvik	FOUND
bizalag	FOUND
bizikyb	FOUND
bizugup	FOUND
bizukap	FOUND
bobakur	FOUND
bobatov	FOUND
boberyh	FOUND
bobevug	FOUND
bobokot	FOUND
bobudyr	FOUND
bobugec	FOUND
bobydox	FOUND
bobygum	FOUND
bobypic	FOUND
bocares	FOUND
bocuvit	FOUND
bocyboh	FOUND
bocyriv	FOUND
bodadic	FOUND
bodavec	FOUND
bodegok	FOUND
bodibyg	FOUND
boditur	FOUND
bododig	FOUND
bofezax	FOUND
bogamyk	FOUND
bogebac	FOUND
bogedef	FOUND
bogepix	FOUND
bogined	FOUND
bogukum	FOUND
boguvab	FOUND
bogydid	FOUND
bogygyc	FOUND
bogyvid	FOUND
bohabuv	FOUND
bohebac	FOUND
bohigog	FOUND
bohizyt	FOUND
bohozig	FOUND
bohulyx	FOUND
bohutup	FOUND
bokedel	FOUND
bokedur	FOUND
bokepod	FOUND
bokogyk	FOUND
bokozah	FOUND
bokycub	FOUND
bokyzub	FOUND
bolagil	FOUND
bolibal	FOUND
bolozeh	FOUND
bomozib	FOUND
bomytep	FOUND
bonabug	FOUND
bonixyc	FOUND
bonodut	FOUND
bonykeg	FOUND
bonytig	FOUND
bopenyp	FOUND
bopinih	FOUND
boporuz	FOUND
bopubih	FOUND
boredom	MISS
borepup	FOUND
borigib	FOUND
borosuc	FOUND
borylah	FOUND
borysut	FOUND
bosivob	FOUND
bosixas	FOUND
bosogox	FOUND
bosysid	FOUND
botadib	FOUND
botofat	FOUND
botytyn	FOUND
bovacyd	FOUND
bovadux	FOUND
bovaveh	FOUND
bovolaf	FOUND
bovucuh	FOUND
bovudyt	FOUND
bovusuf	FOUND
bovuzat	FOUND
bovyhon	FOUND
boxibuv	FOUND
boxodad	FOUND
boxozeg	FOUND
boxuriv	FOUND
boxycud	FOUND
bozigox	FOUND
bozobon	FOUND
bozodef	FOUND
bozodic	FOUND
bozolen	FOUND
bozozer	FOUND
bozutyp	FOUND
bozyvus	FOUND
bubibag	FOUND
bubigot	FOUND
bubodul	FOUND
bubolop	FOUND
buboxod	FOUND
bubuguk	FOUND
buburop	FOUND
bubuzit	FOUND
bubygek	FOUND
bubyzug	FOUND
bucagih	FOUND
bucahin	FOUND
bucazal	FOUND
bucopir	FOUND
bucucap	FOUND
bucunaf	FOUND
bucycen	FOUND
bucyhin	FOUND
budacok	FOUND
budasuv	FOUND
budeses	FOUND
budolyn	FOUND
budupit	FOUND
budusat	FOUND
bufigis	FOUND
bufodar	FOUND
bugarim	FOUND
bugebus	FOUND
bugehif	FOUND
bugeryd	FOUND
bugezyb	FOUND
bugipug	FOUND
bugisek	FOUND
bugobyf	FOUND
bugulub	FOUND
bugunyx	FOUND
bugusys	FOUND
bugybig	FOUND
bugykil	FOUND
bugylem	FOUND
bugymax	FOUND
bugynim	FOUND
buhedoh	FOUND
buheryn	FOUND
buhozud	FOUND
buhymak	FOUND
bukacaz	FOUND
bukahyh	FOUND
bukazig	FOUND
bukeneg	FOUND
bukibon	FOUND
bukybov	FOUND
bulahuv	FOUND
bulavid	FOUND
bulixis	FOUND
bulogeg	FOUND
bulolyz	FOUND
bulorot	FOUND
bulular	FOUND
buluved	FOUND
bulygez	FOUND
bulyzus	FOUND
bumadip	FOUND
bumocig	FOUND
bumuset	FOUND
bumybyz	FOUND
bunenuf	FOUND
bunodyd	FOUND
bupakuc	FOUND
bupetyb	FOUND
bupifen	FOUND
bupigun	FOUND
bupubom	FOUND
buramub	FOUND
burobus	FOUND
burogac	FOUND
buromon	FOUND
buryryk	FOUND
buryzik	FOUND
busefek	FOUND
busyhip	FOUND
butarap	FOUND
butazap	FOUND
butefel	FOUND
butikyp	FOUND
butisiz	FOUND
butuvuf	FOUND
butygil	FOUND
butysur	FOUND
buvamuz	FOUND
buvatub	FOUND
buveleg	FOUND
buvetod	FOUND
buvigeb	FOUND
buvocek	FOUND
buvocem	FOUND
buvosud	FOUND
buvudir	FOUND
buvuduc	FOUND
buvusyt	FOUND
buvyheb	FOUND
buxacic	FOUND
buxinut	FOUND
buzebon	FOUND
buzisak	FOUND
bybasif	FOUND
bybavub	FOUND
bybeluz	FOUND
bybibuz	FOUND
bybifan	FOUND
bybogef	FOUND
bybohad	FOUND
bybopiv	FOUND
bybucib	FOUND
bybuham	FOUND
bybukot	FOUND
bybygym	FOUND
bybyhez	FOUND
bycafac	FOUND
bycelyb	FOUND
bycosus	FOUND
bycuvar	FOUND
bycysev	FOUND
bycysus	FOUND
bydakip	FOUND
bydamih	FOUND
bydenyr	FOUND
bydibis	FOUND
bydicyb	FOUND
bydikeg	FOUND
bydodob	FOUND
bydonyg	FOUND
byduhav	FOUND
byduhel	FOUND
byfevux	FOUND
bygasaf	FOUND
bygogag	FOUND
bygopot	FOUND
bygubyx	FOUND
bygusom	FOUND
byguvoh	FOUND
bygyvox	FOUND
byhefil	FOUND
byhekeg	FOUND
byhiceb	FOUND
byhovof	FOUND
byhovoz	FOUND
bykinig	FOUND
bykylup	FOUND
bylipin	FOUND
bylomud	FOUND
byluxid	FOUND
bylycug	FOUND
bymibik	FOUND
bymybyb	FOUND
bymycal	FOUND
bynapop	MISS
bynatar	FOUND
bynetaf	FOUND
bynilod	FOUND
bynituv	FOUND
bypetyz	FOUND
bypided	FOUND
bypuged	FOUND
bypupyn	FOUND
bypuxag	FOUND
bypuzuf	FOUND
byrahov	FOUND
byravem	FOUND
byrumos	FOUND
byrurac	FOUND
byruzir	FOUND
byryned	FOUND
bysabin	FOUND
bysegeg	FOUND
bysidik	FOUND
bysirez	FOUND
bysoxeg	FOUND
bysuvub	FOUND
bytesix	FOUND
bytinig	FOUND
bytizeh	FOUND
bytoros	FOUND
bytumyt	FOUND
bytydil	FOUND
bytysex	FOUND
bytysuz	FOUND
byvitog	FOUND
byvudem	FOUND
byvurag	FOUND
byxasad	FOUND
byzakyd	FOUND
byzaled	FOUND
byzobop	FOUND
byzulys	FOUND
cababos	MISS
cabacyb	FOUND
cabazop	FOUND
cabeleg	FOUND
cabepek	FOUND
cabikaz	FOUND
cabimyg	FOUND
cabobos	FOUND
cabukul	FOUND
cabydox	FOUND
caculyz	FOUND
cacypym	FOUND
cacyrex	FOUND
cadodep	FOUND
cadynek	FOUND
cafacap	FOUND
cafotos	FOUND
cafupep	FOUND
cafuzef	FOUND
cagedul	FOUND
cagefyt	FOUND
caguvof	FOUND
cagyfex	FOUND
cahatod	FOUND
cahufik	FOUND
cahuzob	FOUND
cahyzed	FOUND
cakavuk	FOUND
calidux	FOUND
calomaz	FOUND
caloxem	FOUND
caluvic	FOUND
cameras	MISS
camunux	FOUND
camydyb	FOUND
camygud	FOUND
camyzov	FOUND
canelig	FOUND
canipir	FOUND
canutof	FOUND
caranym	FOUND
careful	MISS
carocyf	FOUND
casozyg	FOUND
casucog	FOUND
catedyb	FOUND
catidux	FOUND
catikod	FOUND
catosak	FOUND
cavabyz	FOUND
cavadad	FOUND
caveguf	FOUND
cavihul	FOUND
cavikod	FOUND
caxocib	FOUND
cazabot	FOUND
cazocom	FOUND
cazuduk	FOUND
cebidas	FOUND
cebitek	FOUND
cebitys	FOUND
cebusob	FOUND
ceculok	FOUND
cecymof	FOUND
cedogyz	FOUND
cedyryc	FOUND
cedyxid	FOUND
cefuhap	FOUND
cefukyb	FOUND
cegahug	FOUND
cegybyv	FOUND
cehaban	FOUND
cehafep	FOUND
cehibit	FOUND
cehudap	FOUND
cehuded	MISS
cehuloz	FOUND
cehuxoz	FOUND
cekicic	FOUND
cekugil	FOUND
cekybak	FOUND
celalal	FOUND
celaleb	FOUND
celelal	MISS
cenapos	FOUND
cenasod	FOUND
cenogaf	FOUND
cenukyb	FOUND
cepiham	FOUND
cepikip	FOUND
cepogud	FOUND
cerusob	FOUND
cetudyd	FOUND
cetylet	FOUND
cevamuf	FOUND
cevevig	FOUND
cevumob	FOUND
cexedud	FOUND
cexoxus	FOUND
cexusal	FOUND
cezicus	FOUND
cibehel	FOUND
cibitoc	FOUND
cibolok	FOUND
cicafov	MISS
cicahim	FOUND
cicirad	FOUND
cicycib	FOUND
cicyvet	FOUND
cidekyb	FOUND
cidimec	FOUND
cidudus	FOUND
cidygys	FOUND
cifigub	FOUND
cifisok	FOUND
cifisud	FOUND
cifosoh	FOUND
cifydaf	FOUND
cigasar	FOUND
cigavag	FOUND
cigegef	FOUND
cigimyv	FOUND
cigomah	FOUND
cigovah	MISS
cigoxab	FOUND
cigusyr	FOUND
cihadeb	FOUND
cihutul	FOUND
cikenev	FOUND
cikyvir	FOUND
cilirus	FOUND
cilobuz	FOUND
cilurid	FOUND
cinasov	FOUND
cinazyg	FOUND
cinigaf	FOUND
cinyxod	FOUND
ciravuz	FOUND
ciremyp	FOUND
cirixud	FOUND
cisavel	FOUND
cisicuh	FOUND
cisoked	FOUND
citipab	FOUND
civicyk	FOUND
civopat	FOUND
cixifod	FOUND
cixiles	FOUND
cixubyc	FOUND
cixybax	FOUND
cizalyg	FOUND
cizegog	FOUND
cobasef	FOUND
cobaxin	FOUND
cobihet	FOUND
cobiram	FOUND
cobizyl	FOUND
cobonad	FOUND
cobonob	FOUND
cobulaz	FOUND
cobytep	FOUND
cobytet	FOUND
cocedyd	FOUND
cocotun	FOUND
cocyhuc	FOUND
codefeb	FOUND
codexup	FOUND
codimim	FOUND
codyrab	FOUND
cogapad	FOUND
cogegez	FOUND
cogyfox	FOUND
cohicen	FOUND
cohifug	FOUND
cohuxyv	FOUND
cokegyf	FOUND
cokihyk	FOUND
cokihys	FOUND
cokilys	FOUND
cokodan	FOUND
cokudad	FOUND
cokybif	FOUND
cokytul	FOUND
colases	FOUND
colocor	FOUND
colukuh	FOUND
colunyt	FOUND
colynah	FOUND
comocus	FOUND
conyton	FOUND
copukuk	FOUND
copuvod	FOUND
corobeb	FOUND
corodob	FOUND
cosacof	FOUND
cosufyd	FOUND
cotunat	FOUND
cotykep	FOUND
covered	MISS
covuvuz	FOUND
coxazed	FOUND
coxydet	FOUND
cozedyb	FOUND
cozygyg	FOUND
cubanef	FOUND
cubarik	FOUND
cubekim	FOUND
cubicab	FOUND
cubical	MISS
cubivak	FOUND
cubobet	FOUND
cubucub	FOUND
cubyfuh	FOUND
cubyzap	FOUND
cucedod	FOUND
cucehip	FOUND
cudabur	FOUND
cudazis	FOUND
cudefep	FOUND
cudonut	FOUND
cudupuv	FOUND
cudusal	FOUND
cuduzuc	FOUND
cufanid	FOUND
cufazyt	FOUND
cufesuv	FOUND
cufipem	FOUND
cufitud	FOUND
cufozob	FOUND
cugacop	FOUND
cugakim	FOUND
cugaveg	FOUND
cugebix	FOUND
cugegyx	FOUND
cugenih	FOUND
cugyget	FOUND
cukaker	FOUND
cukemum	MISS
cukikag	FOUND
cukyxor	FOUND
culixis	FOUND
cumicep	FOUND
cumodif	FOUND
cumozeg	FOUND
cunezob	FOUND
cunogob	FOUND
cunuzac	FOUND
cuparav	FOUND
cupityd	FOUND
cupobyb	FOUND
cupyxoh	FOUND
cusudum	FOUND
cusugis	FOUND
cusugug	FOUND
cusymob	FOUND
cuvabuk	FOUND
cuvefeg	FOUND
cuvikad	FOUND
cuvonud	FOUND
cuvudeg	FOUND
cuxolux	FOUND
cuxyzec	FOUND
cuzalom	FOUND
cuzicig	FOUND
cybesud	FOUND
cybetas	FOUND
cybobal	FOUND
cybufyx	FOUND
cybycyb	FOUND
cyconez	FOUND
cydabeg	FOUND
cydaseg	FOUND
cydazol	FOUND
cydesag	FOUND
cydexus	FOUND
cydotyg	FOUND
cydukep	FOUND
cydukyx	FOUND
cydygih	FOUND
cydyzed	FOUND
cyfilem	FOUND
cyfohen	FOUND
cyfokup	FOUND
cyfudyp	FOUND
cyfycen	FOUND
cyfypys	FOUND
cygadoh	FOUND
cygibip	FOUND
cyguxag	FOUND
cyhagun	FOUND
cyhuzim	FOUND
cyhybul	FOUND
cykicos	FOUND
cykodyk	FOUND
cykohob	FOUND
cylomez	FOUND
cylotam	FOUND
cymozug	FOUND
cymudug	FOUND
cymugup	FOUND
cynadec	FOUND
cypodab	FOUND
cypypir	FOUND
cyroluv	FOUND
cyrynih	FOUND
cyserut	FOUND
cysozyd	FOUND
cytevok	FOUND
cyvyxex	FOUND
cyxucyl	FOUND
cyxudyx	FOUND
cyxymob	FOUND
cyzomis	FOUND
dabanek	FOUND
dabevil	FOUND
dabibuc	FOUND
dabiden	FOUND
dabilub	FOUND
dabohur	FOUND
dabolid	FOUND
dabuhyf	FOUND
dabules	FOUND
dabyveb	FOUND
dacasuk	FOUND
dacegix	FOUND
daceson	FOUND
dacopig	FOUND
dacovid	FOUND
dadakyc	FOUND
dadatar	FOUND
dadefuk	FOUND
dadeted	FOUND
dadetim	FOUND
dadicep	FOUND
dadiled	FOUND
dadimil	FOUND
dadocem	FOUND
dadocyp	FOUND
dafufec	FOUND
dafurax	FOUND
dagadus	FOUND
dagelax	FOUND
dagimyf	FOUND
dagivoz	FOUND
dagogid	FOUND
dagovys	FOUND
dahunib	FOUND
dakabyn	FOUND
dakibub	FOUND
dakigok	FOUND
dakihom	FOUND
dakocar	FOUND
dakokas	FOUND
dakokun	FOUND
dakolip	FOUND
dakovur	FOUND
dalehop	FOUND
daletyc	FOUND
dalibad	FOUND
dalobih	FOUND
dalugox	FOUND
dalyhob	FOUND
damaged	MISS
dameniv	FOUND
damesyg	FOUND
dameval	FOUND
damibig	FOUND
damidop	FOUND
damonap	FOUND
damopyd	FOUND
damugyb	FOUND
damybap	FOUND
damydik	FOUND
danadil	FOUND
danarof	FOUND
danebal	FOUND
danedax	FOUND
danesid	FOUND
danidah	FOUND
danimof	FOUND
danugil	FOUND
danybad	FOUND
danybyb	FOUND
dapitog	FOUND
dapudoz	FOUND
dapugox	FOUND
dariboc	FOUND
daropet	FOUND
darukyt	FOUND
darytav	FOUND
dasegos	FOUND
dasohyd	FOUND
dasoloc	FOUND
dasuvyg	FOUND
dasygyp	FOUND
dasyxiv	FOUND
dataviz	FOUND
dataxax	FOUND
davidap	FOUND
daviryc	FOUND
davutam	FOUND
davygup	FOUND
daxevad	FOUND
daxohef	FOUND
dazaguc	FOUND
dazahar	FOUND
dazezeh	FOUND
dazibov	FOUND
debacid	FOUND
debagom	FOUND
debagyb	FOUND
debakyg	FOUND
debalis	FOUND
debedid	FOUND
debegid	FOUND
debemob	FOUND
debipiv	FOUND
debogyf	FOUND
debuzus	FOUND
decareb	FOUND
decavek	FOUND
decexyt	FOUND
decided	MISS
decides	MISS
decimal	MISS
decoder	MISS
decodes	MISS
decyvol	FOUND
dedehix	FOUND
dedemor	FOUND
dedidev	FOUND
dedidyb	FOUND
dedipub	FOUND
dedixak	FOUND
dedubih	FOUND
defadiz	FOUND
defalab	FOUND
defined	MISS
defofav	FOUND
defucyg	FOUND
defuned	FOUND
degatef	FOUND
degaxoz	FOUND
degibyl	FOUND
degitur	FOUND
degivub	FOUND
degodog	FOUND
degohan	FOUND
degoxeb	FOUND
degugyf	FOUND
dehadoh	FOUND
deharov	FOUND
dehikix	FOUND
dehygid	FOUND
dehyhox	FOUND
dehynut	FOUND
dekapib	FOUND
dekebef	FOUND
dekelap	FOUND
dekikit	FOUND
dekomag	FOUND
dekotud	FOUND
dekovud	FOUND
dekuhud	FOUND
dekyxev	FOUND
deleted	MISS
deliver	MISS
delogon	FOUND
delugyz	FOUND
demakan	FOUND
demapaf	FOUND
demegal	FOUND
demudov	FOUND
demuxer	MISS
demyzif	FOUND
denapos	FOUND
denedad	FOUND
denetoz	FOUND
denotes	MISS
denucod	FOUND
denugix	FOUND
depexig	FOUND
depivyt	FOUND
depizoh	FOUND
depogim	FOUND
depugig	FOUND
derebyd	FOUND
derehog	FOUND
derived	MISS
derivix	FOUND
derubyd	FOUND
deryhox	FOUND
deryrob	FOUND
desabat	FOUND
desapip	FOUND
desicit	FOUND
desired	MISS
desodid	MISS
desofol	FOUND
desubod	FOUND
desybat	FOUND
detecit	FOUND
detofic	FOUND
detuhus	FOUND
detysad	FOUND
detyxac	FOUND
devices	MISS
devobeg	FOUND
devokun	FOUND
devupok	FOUND
devyfog	FOUND
devyzit	FOUND
dexekun	FOUND
dexigoh	FOUND
dexucod	FOUND
dexuzed	FOUND
dezobam	FOUND
dezozud	FOUND
dezuhyz	FOUND
dezybuk	FOUND
dibagad	FOUND
dibagit	FOUND
dibakib	FOUND
dibasup	FOUND
dibavyg	FOUND
dibebeb	FOUND
dibirob	FOUND
dibogac	FOUND
dibopap	FOUND
dibugef	FOUND
dibyguc	FOUND
dibypeh	FOUND
dicegif	FOUND
dicesic	FOUND
dicoseh	FOUND
didabur	FOUND
didafiv	FOUND
didalur	FOUND
didapyz	FOUND
didipuz	FOUND
didogiv	FOUND
didohek	FOUND
diduhok	FOUND
didutug	FOUND
didycek	FOUND
difemoc	FOUND
difesev	FOUND
difofol	MISS
difudax	FOUND
difuren	FOUND
difycor	FOUND
digeseg	FOUND
digexym	FOUND
digifek	FOUND
digoder	FOUND
digofiv	FOUND
digogug	FOUND
digulok	FOUND
digybad	FOUND
digybyb	FOUND
digysad	FOUND
dihirok	FOUND
dikaned	FOUND
dikiben	FOUND
dikiges	FOUND
dikopyt	FOUND
dikutus	FOUND
dikyxax	FOUND
dilegut	FOUND
dilikyh	FOUND
dilonec	FOUND
dilyxim	FOUND
dimidoh	FOUND
dimisyn	FOUND
dimobup	FOUND
dimyduh	FOUND
dimyxor	FOUND
dinasog	FOUND
dinodun	FOUND
dinokun	FOUND
dinuxaz	FOUND
dinymuk	FOUND
dinysuk	FOUND
dipaxag	FOUND
dipimyz	FOUND
dipitib	FOUND
dipubit	FOUND
dipukim	FOUND
diryxen	FOUND
disatez	FOUND
disegyb	FOUND
disegyh	FOUND
disoduf	FOUND
disukyd	FOUND
disupuk	FOUND
disynym	FOUND
ditarop	FOUND
ditedal	FOUND
diticop	FOUND
divebyh	FOUND
divided	MISS
divider	MISS
dividif	FOUND
divison	MISS
divosyb	FOUND
dixefax	FOUND
dixugik	FOUND
dixunil	FOUND
dixupyx	FOUND
dixyvek	FOUND
dizadof	FOUND
dizahyf	FOUND
dizodil	FOUND
dizomiz	FOUND
dizozah	FOUND
dizukup	FOUND
dizulog	FOUND
dizycip	FOUND
dizyfab	FOUND
dizymit	FOUND
dobarox	FOUND
dobebim	FOUND
dobesib	FOUND
dobezex	FOUND
dobimav	FOUND
dobopus	FOUND
dobotoh	FOUND
dobozic	FOUND
dobufux	FOUND
docatud	FOUND
docazor	FOUND
docigeh	FOUND
docilin	FOUND
docimoh	FOUND
docoxin	FOUND
docydul	FOUND
dodagen	FOUND
dodaxud	FOUND
dodebep	FOUND
dodedod	FOUND
dodenaf	FOUND
dodener	FOUND
dodetod	FOUND
dodibys	FOUND
dodobun	FOUND
dododif	FOUND
dodofyd	MISS
dodotom	FOUND
dodufyd	FOUND
doduxug	FOUND
dodybip	FOUND
dofacar	FOUND
dofecix	FOUND
dofedig	FOUND
dofodip	FOUND
dogadov	FOUND
dogagiv	FOUND
dogahaf	FOUND
dogebaf	FOUND
dogefim	FOUND
dogepef	FOUND
dogifiv	FOUND
doginur	FOUND
dogudez	FOUND
dogufoz	FOUND
dogutix	FOUND
dogutud	FOUND
dohiful	FOUND
dohopef	FOUND
dohuriz	FOUND
dohydem	FOUND
dokelos	FOUND
dokigum	FOUND
dokopyg	FOUND
dokotan	FOUND
dolucun	FOUND
dolupal	FOUND
doluxub	FOUND
dolyben	FOUND
domacav	FOUND
domagab	FOUND
domedyg	FOUND
domicog	FOUND
donadod	FOUND
donidup	FOUND
donybun	FOUND
donynyd	FOUND
dopehiz	FOUND
dopesoh	FOUND
dopilor	FOUND
dopipix	FOUND
dopudog	FOUND
dopysov	FOUND
dopyzuv	FOUND
doresor	FOUND
doretog	FOUND
dorivuc	FOUND
dorolut	FOUND
dorucok	FOUND
dosikub	FOUND
dosikyz	FOUND
dotadag	FOUND
dotebop	FOUND
dotizug	FOUND
dotodyh	FOUND
dotovid	FOUND
dotucek	FOUND
dotugod	FOUND
dotytav	FOUND
dovahus	FOUND
dovaxyt	FOUND
dovesad	FOUND
dovopig	FOUND
dovulov	FOUND
dovybyg	FOUND
dovydid	FOUND
dovydir	FOUND
dovysef	FOUND
doximem	FOUND
doxitic	FOUND
doxumib	FOUND
doxuzus	FOUND
doxygel	FOUND
dozebon	FOUND
dozevoh	FOUND
dozizon	FOUND
dozogyn	FOUND
dozufup	FOUND
dozulal	FOUND
dozupeb	FOUND
dozynav	FOUND
dubadax	FOUND
dubebud	FOUND
dubekut	FOUND
duberic	FOUND
dubevog	FOUND
dubezas	FOUND
dubidug	FOUND
dubilus	FOUND
dubinyn	FOUND
dubirip	FOUND
dubisyx	FOUND
dubocug	FOUND
duburak	FOUND
dubutym	FOUND
dubyfus	FOUND
dubynod	FOUND
dubytuv	FOUND
dubyzux	FOUND
ducygam	FOUND
ducyzon	FOUND
dudavyv	FOUND
dudecyk	FOUND
dudedag	FOUND
dudedyb	FOUND
dudetyb	FOUND
dudobyg	FOUND
dudozab	FOUND
dudupal	FOUND
dudygeh	FOUND
dudynaf	FOUND
dufamib	FOUND
dufocyn	FOUND
dufoluz	FOUND
dufukal	FOUND
dufuseh	FOUND
duginyd	FOUND
dugocun	FOUND
dugohok	FOUND
dugygad	FOUND
dugygup	FOUND
dugypyx	FOUND
dugyteg	FOUND
duharot	FOUND
duhodeh	FOUND
duhovuz	FOUND
duhycab	FOUND
dukagab	FOUND
dukitil	FOUND
dukogeh	FOUND
dukudyg	FOUND
dukuzaz	FOUND
dulagul	FOUND
duliguv	FOUND
dulipys	FOUND
dululed	FOUND
dulunor	FOUND
dulupin	FOUND
dumatyb	FOUND
dumivim	FOUND
dumozyb	FOUND
dumugev	FOUND
dumyduf	FOUND
dunixin	FOUND
dunohyh	FOUND
dunusyg	FOUND
dunylak	FOUND
dupadeg	FOUND
dupavop	FOUND
dupubyv	FOUND
dupudif	FOUND
duraroh	FOUND
durenag	FOUND
dusaxex	FOUND
dusolas	FOUND
dusosoz	FOUND
dusulut	FOUND
dusyhat	FOUND
dusyzar	FOUND
dutifed	FOUND
dutigeh	FOUND
dutoned	FOUND
dutorer	FOUND
dutubas	FOUND
duvotil	FOUND
duvuhyx	FOUND
duvuram	FOUND
duxipyf	FOUND
duxizet	FOUND
duxogib	FOUND
duxyced	FOUND
duzacod	FOUND
duzamah	FOUND
duzaxam	FOUND
duzycut	FOUND
duzyhyn	FOUND
dybanik	FOUND
dybareb	FOUND
dybasib	FOUND
dybevep	FOUND
dybezyr	FOUND
dybihom	FOUND
dybipoh	FOUND
dybucyv	FOUND
dybyxyv	FOUND
dycavil	FOUND
dycegab	FOUND
dycilah	FOUND
dycobyb	FOUND
dycuxyv	FOUND
dydabib	FOUND
dydahyr	FOUND
dydedad	FOUND
dydigeb	FOUND
dydivez	FOUND
dydopyc	FOUND
dydydox	FOUND
dydykyf	FOUND
dydymyk	FOUND
dydytax	FOUND
dyfaxyr	FOUND
dyfegyp	FOUND
dyfufil	FOUND
dyfugop	FOUND
dygafum	FOUND
dygafux	FOUND
dygagub	FOUND
dygalup	FOUND
dygebov	FOUND
dygevig	FOUND
dygexos	FOUND
dygoveb	FOUND
dygulig	FOUND
dygyfeg	FOUND
dyheheb	FOUND
dyhemom	FOUND
dyhokag	FOUND
dyhuxys	FOUND
dykafuz	FOUND
dykezer	FOUND
dykymuf	FOUND
dylasol	FOUND
dylybuc	FOUND
dylydig	FOUND
dymadil	FOUND
dymanus	FOUND
dymikyl	FOUND
dymobyl	FOUND
dymyled	FOUND
dynamic	MISS
dynenyx	FOUND
dynoxic	FOUND
dynozim	FOUND
dynyheg	FOUND
dyperog	FOUND
dypomad	FOUND
dypurih	FOUND
dyralum	FOUND
dyrebad	FOUND
dyrimul	FOUND
dyrixyn	FOUND
dyrygig	FOUND
dysixop	FOUND
dysobog	FOUND
dysupih	FOUND
dysyguc	FOUND
dytadam	FOUND
dytedom	FOUND
dytihad	FOUND
dytodic	FOUND
dytomad	FOUND
dytybeb	FOUND
dyvefex	FOUND
dyveniz	FOUND
dyvomad	MISS
dyvovok	FOUND
dyvusok	FOUND
dyvycud	FOUND
dyxagyp	FOUND
dyxerom	FOUND
dyxubif	FOUND
dyxumub	FOUND
dyxunig	FOUND
dyxycoh	FOUND
dyxyneb	FOUND
dyzacox	FOUND
dyzadud	FOUND
dyzigud	FOUND
dyzodyp	FOUND
dyzolos	FOUND
dyzunyx	FOUND
dyzusah	FOUND
fababag	FOUND
fabuhil	FOUND
fabupad	FOUND
fabyvon	FOUND
facygog	FOUND
facypom	FOUND
fadicel	FOUND
fafikin	FOUND
fagazah	FOUND
fagesec	FOUND
fagotyv	FOUND
fagytuv	FOUND
fakufih	FOUND
fakygyd	FOUND
falavog	FOUND
falehyx	FOUND
falizag	FOUND
famasip	FOUND
famecuv	FOUND
famypyb	FOUND
fanatat	FOUND
fanefah	FOUND
fanuzud	FOUND
fanynig	FOUND
fanyryg	FOUND
fapinez	FOUND
faramoc	FOUND
fasocup	FOUND
fasolen	FOUND
fasolod	FOUND
fasunod	FOUND
fasyseb	FOUND
fatekyh	FOUND
fatibob	FOUND
faxesub	FOUND
fazylug	FOUND
febagyc	FOUND
febahor	FOUND
febakyn	FOUND
febasyp	FOUND
febugog	FOUND
fecagex	FOUND
fecagyf	FOUND
fecemut	FOUND
fecoteg	FOUND
fecukig	FOUND
fedolop	FOUND
fedotef	FOUND
fedyxuk	FOUND
fefekyl	FOUND
fefihor	FOUND
fefomol	FOUND
fefyzym	FOUND
fegadod	FOUND
fegebub	FOUND
fegefuk	FOUND
fegehis	FOUND
fegepod	FOUND
fegerep	FOUND
feginor	FOUND
fegobum	FOUND
fegulah	FOUND
fehegub	FOUND
fehuguz	FOUND
fekagug	FOUND
fekibyx	FOUND
felireh	FOUND
felobox	FOUND
femydyc	FOUND
fenoriv	FOUND
fepavus	FOUND
fepecur	FOUND
fepoved	FOUND
ferogun	FOUND
feropym	FOUND
feryfum	FOUND
fesehys	FOUND
fesimoz	FOUND
fetyryc	FOUND
fetyven	FOUND
fevubom	FOUND
fexavez	FOUND
fexefuz	FOUND
fexivun	FOUND
fezegok	FOUND
fibogyv	FOUND
fiburef	FOUND
fibuxip	FOUND
fibyrah	FOUND
ficegir	FOUND
ficimod	FOUND
ficobih	FOUND
ficotox	FOUND
ficovoh	FOUND
ficynut	FOUND
fididul	FOUND
fidinys	FOUND
fidipav	FOUND
fidubob	FOUND
fidudec	FOUND
fidugiz	FOUND
fidukyb	FOUND
fidurip	FOUND
fifigub	FOUND
figocer	FOUND
figudam	FOUND
figured	MISS
fihemef	FOUND
fihybab	FOUND
fikivir	FOUND
fikycyl	FOUND
filenal	FOUND
filogez	FOUND
filokiv	FOUND
fimagod	FOUND
fimehix	FOUND
fimigus	FOUND
fimokyb	FOUND
fimunys	FOUND
fimynyr	FOUND
finemad	FOUND
finidap	FOUND
fipebip	FOUND
fipetil	FOUND
firefox	MISS
firivic	FOUND
firofih	FOUND
firubub	FOUND
fisezik	FOUND
fisikeg	FOUND
fisokax	MISS
fisybyd	FOUND
fitadan	FOUND
fitedec	FOUND
fitexif	FOUND
fitumad	FOUND
fituryk	FOUND
fivamid	FOUND
fivyrex	FOUND
fixopeg	FOUND
fizenyr	FOUND
fiziheh	FOUND
fizokiv	FOUND
fizyvyd	FOUND
fobacad	FOUND
fobekus	FOUND
fobelyx	FOUND
fobetad	FOUND
fobixit	FOUND
fobobuk	FOUND
foboted	FOUND
fobulab	FOUND
fobycyl	FOUND
fobygeg	FOUND
fobysex	FOUND
foceged	FOUND
focezer	FOUND
focused	MISS
fodicid	FOUND
fodopug	FOUND
foferak	FOUND
foferuf	FOUND
fogepuh	FOUND
foguzur	FOUND
fogyruc	FOUND
fohiteb	FOUND
fohukan	FOUND
fokacyf	FOUND
fokadyf	FOUND
fokavuz	FOUND
fokehur	FOUND
fokufub	FOUND
folazed	FOUND
folebid	FOUND
folecun	FOUND
folyhyd	FOUND
folypol	FOUND
fomemot	FOUND
fomidis	FOUND
fomugak	FOUND
fomyget	FOUND
fomykef	FOUND
fonygib	FOUND
forever	MISS
forezum	FOUND
foribek	FOUND
fosapom	FOUND
fotogen	FOUND
fotoxax	FOUND
fotyhog	FOUND
fovacyh	FOUND
fovohan	FOUND
fovohub	FOUND
fozofav	FOUND
fubibyh	FOUND
fubiduf	FOUND
fucanyc	FOUND
fucexyz	FOUND
fudimut	FOUND
fudizag	FOUND
fudohif	FOUND
fudokyn	FOUND
fudydol	FOUND
fufiged	FOUND
fuforur	FOUND
fufunil	FOUND
fugebum	FOUND
fugegul	FOUND
fugeziz	FOUND
fugifar	FOUND
fugimev	FOUND
fugipyd	FOUND
fugirur	FOUND
fugudix	FOUND
fugytav	FOUND
fuhygub	FOUND
fukaxeb	FOUND
fukazit	FOUND
fukireg	FOUND
fukixep	FOUND
fukypus	FOUND
fuledum	FOUND
fumibeb	FOUND
funypob	FOUND
fupogim	FOUND
fuponyk	FOUND
fupuhub	FOUND
furaruk	FOUND
furemuz	FOUND
fusebek	FOUND
fusisif	FOUND
fusutit	FOUND
fusydis	FOUND
futiset	MISS
futynuf	FOUND
fuzogef	FOUND
fybiket	FOUND
fyburun	FOUND
fycikeg	FOUND
fycyzup	FOUND
fydalov	FOUND
fydetip	FOUND
fydivut	FOUND
fydohan	FOUND
fydyfiv	FOUND
fyfarof	FOUND
fyfycez	FOUND
fyfydob	FOUND
fygaxov	FOUND
fygefob	FOUND
fygegyx	FOUND
fygekul	FOUND
fygekut	FOUND
fygicyr	FOUND
fygumof	FOUND
fyhebuc	FOUND
fyhodev	FOUND
fyhuxyb	FOUND
fyhykyt	FOUND
fykobyh	FOUND
fykupys	FOUND
fykurun	FOUND
fylexib	FOUND
fyligad	FOUND
fymekul	FOUND
fynabab	FOUND
fynatyg	FOUND
fynibas	FOUND
fynihuh	FOUND
fynodut	FOUND
fynogod	FOUND
fyparag	FOUND
fypusez	FOUND
fypymor	FOUND
fyrefac	FOUND
fyrymab	FOUND
fysazex	FOUND
fysoxih	FOUND
fysykop	FOUND
fysyvag	FOUND
fytaziz	FOUND
fytudor	FOUND
fyvigem	FOUND
fyvires	FOUND
fyvuteg	FOUND
fyvysoh	FOUND
fyxobig	FOUND
fyzisaf	FOUND
gababag	FOUND
gabegex	FOUND
gabigob	FOUND
gabigyh	FOUND
gaboboh	FOUND
gabygyp	FOUND
gacagiz	FOUND
gacagof	FOUND
gacaxof	FOUND
gacegip	FOUND
gacehyk	FOUND
gacysyv	FOUND
gadafyx	FOUND
gadekug	FOUND
gademab	FOUND
gadohik	FOUND
gadudeg	FOUND
gaforyb	FOUND
gafylid	FOUND
gagagud	FOUND
gagelyk	FOUND
gagodiz	FOUND
gagyfyc	FOUND
gahagag	FOUND
gahexem	FOUND
gahisop	FOUND
gahodov	FOUND
gahomob	FOUND
gahotis	FOUND
gahugot	FOUND
gahydof	FOUND
gahypuk	FOUND
gakahel	FOUND
gakecan	FOUND
gakicax	FOUND
gakolyl	FOUND
gakopig	FOUND
gakugyx	FOUND
galarep	FOUND
galegaf	FOUND
galobed	FOUND
galorin	FOUND
galubud	FOUND
gameman	MISS
gamogyr	FOUND
gamymor	FOUND
ganasaf	FOUND
ganexod	FOUND
ganodof	FOUND
ganogad	FOUND
gapaluf	FOUND
gaparok	FOUND
gapibob	FOUND
gapusir	FOUND
garipod	FOUND
garucov	FOUND
garudox	FOUND
garudux	FOUND
garyrek	FOUND
gaselad	FOUND
gaseleb	FOUND
gasodak	FOUND
gatekin	FOUND
gatudyr	FOUND
gatupob	FOUND
gavaton	FOUND
gavevyg	FOUND
gavexap	FOUND
gavidek	FOUND
gavihab	FOUND
gavihys	FOUND
gavykuv	FOUND
gavyver	FOUND
gaxaped	FOUND
gaxaxyb	FOUND
gaxifab	FOUND
gaxikez	FOUND
gaxilud	FOUND
gaxipog	FOUND
gaxygon	FOUND
gazegyx	FOUND
gazysup	FOUND
gebapac	FOUND
gebidop	FOUND
gebubes	FOUND
gebukes	FOUND
gebyfyr	FOUND
gebylyb	FOUND
gecared	FOUND
gecaryp	FOUND
gecehaf	FOUND
gecerid	FOUND
gecogax	FOUND
gecyvag	FOUND
gedezab	FOUND
gedofiv	FOUND
gedokob	FOUND
gedybem	FOUND
gedynuk	FOUND
gefarov	FOUND
gefipad	FOUND
gefynyh	FOUND
gefypor	FOUND
gefyvik	FOUND
gegadop	FOUND
gegecif	FOUND
gegemet	FOUND
gegesed	FOUND
gegibyg	FOUND
gegizof	FOUND
gegogad	FOUND
gegomix	FOUND
gegucon	FOUND
gegukal	FOUND
gegygif	FOUND
gegynal	FOUND
gehexur	FOUND
gehobym	FOUND
gehobyp	FOUND
gehusex	FOUND
gehyfes	FOUND
gekagaz	FOUND
gekixin	FOUND
gekoder	FOUND
gekurub	FOUND
gekydir	FOUND
gekypyb	FOUND
gelegom	FOUND
gelopin	FOUND
gelubed	FOUND
geluhyd	FOUND
gemedif	FOUND
gemegun	FOUND
gemobem	FOUND
gemudul	FOUND
genadur	FOUND
genehen	FOUND
general	MISS
generic	MISS
genesis	MISS
genexas	FOUND
genizob	FOUND
genogag	FOUND
genohyf	FOUND
genonen	FOUND
genutyl	FOUND
gepaged	FOUND
geponod	FOUND
gepulof	FOUND
gepybis	FOUND
gepyceb	FOUND
gepysas	FOUND
gepyvyh	FOUND
gerarak	FOUND
gerisec	FOUND
geritut	FOUND
gerixog	FOUND
gerovov	FOUND
geruvak	FOUND
gesehyv	FOUND
gesicur	FOUND
gesicyz	FOUND
gesubem	FOUND
gesubuh	FOUND
gesugob	FOUND
gesygeg	FOUND
gesykih	FOUND
getodam	FOUND
getofyn	FOUND
getybel	FOUND
getycop	FOUND
getyfut	FOUND
getyleg	FOUND
getynev	FOUND
gevaput	FOUND
gevasab	FOUND
gevedas	FOUND
gexehyd	FOUND
gexemex	FOUND
gexilod	FOUND
gexizit	FOUND
gexulyp	FOUND
gezatag	FOUND
gezemuz	FOUND
gibefiz	FOUND
gibevih	FOUND
gibodup	FOUND
gibufeh	FOUND
gibukeg	FOUND
gibykuh	FOUND
gibylox	FOUND
gicenip	FOUND
gicizez	FOUND
gicovog	FOUND
gicuvus	FOUND
gicyhol	FOUND
gicypis	FOUND
gicysuz	FOUND
gidamir	FOUND
gidefac	FOUND
gidegiv	FOUND
gidetok	FOUND
gididog	FOUND
gidimok	FOUND
gidonoh	FOUND
gidosab	FOUND
gidygig	FOUND
gidyvig	FOUND
gifadoc	FOUND
gifocag	FOUND
gifotof	FOUND
gifubeb	FOUND
gigadeb	FOUND
gigebib	FOUND
gigilys	FOUND
gigobud	FOUND
gigobus	FOUND
gigupol	FOUND
giguzoh	FOUND
giguzyh	FOUND
gihixiz	FOUND
gikacav	FOUND
gikaril	FOUND
gikedih	FOUND
gikehuf	MISS
gikigub	FOUND
gikikyf	FOUND
gikitib	FOUND
gikogid	FOUND
gikohys	FOUND
gikoxiv	FOUND
gikybek	FOUND
gikygeh	FOUND
gilalyd	FOUND
gilubug	FOUND
gilubyd	FOUND
giluded	FOUND
giluhil	FOUND
gilybyb	FOUND
gimexyb	FOUND
gimigid	FOUND
giminaf	FOUND
gimogys	FOUND
gimosub	FOUND
gimotyd	FOUND
gimoxar	FOUND
gimyluv	FOUND
gimyrig	FOUND
ginabec	FOUND
ginalyd	FOUND
ginegac	FOUND
ginexyf	FOUND
gipaven	FOUND
gipetoz	FOUND
gipigig	FOUND
gipodex	FOUND
gipufyg	FOUND
gipukih	FOUND
gipumyr	FOUND
gipygux	FOUND
gipysif	FOUND
giralab	FOUND
girikys	FOUND
girosad	FOUND
girupod	FOUND
gisecag	FOUND
gisogav	FOUND
gisoxop	FOUND
gisucav	FOUND
gisulox	FOUND
gitabyh	FOUND
gitafad	FOUND
giteden	FOUND
gitixug	FOUND
gitodir	FOUND
givoxic	FOUND
givyryt	FOUND
givyxip	FOUND
gixevih	FOUND
gixihyd	FOUND
gixydek	FOUND
gixyfob	FOUND
gixygih	FOUND
gizatod	FOUND
gizegoz	FOUND
gizimet	FOUND
gizipev	FOUND
gizogig	FOUND
gizopeb	FOUND
gizybog	FOUND
gobedyd	FOUND
gobekep	FOUND
gobidyg	FOUND
gobotyd	FOUND
gobudif	FOUND
gocihek	FOUND
gocomog	FOUND
gocypyg	FOUND
godaduc	FOUND
godazog	FOUND
godazut	FOUND
godehig	FOUND
godimil	FOUND
godubyd	FOUND
godymom	FOUND
godysiz	FOUND
gofageb	FOUND
gofitul	FOUND
gofogak	FOUND
gofynok	FOUND
gofysig	FOUND
gofysyg	FOUND
gogabim	FOUND
gogegus	FOUND
gogepag	FOUND
gogexyp	FOUND
gogigis	FOUND
gogigyb	FOUND
gogilok	FOUND
gogofur	FOUND
gogoxyr	FOUND
goguvib	FOUND
gogybix	FOUND
gogyvog	FOUND
gohadis	FOUND
gohageh	FOUND
gohekoc	FOUND
gohexav	FOUND
gohukyd	FOUND
gohutaz	FOUND
gokakuf	FOUND
gokegam	FOUND
gokixuv	FOUND
gokovih	FOUND
gokurav	FOUND
gokuxyp	FOUND
gokymen	FOUND
golafib	FOUND
golepul	FOUND
golubyk	FOUND
golyhix	FOUND
golyzoc	FOUND
gomapov	FOUND
gomaruc	FOUND
gomogog	FOUND
gomosyg	FOUND
gomuluc	FOUND
gonaber	FOUND
gonehop	FOUND
gonezok	FOUND
gonezyt	FOUND
gonutun	FOUND
gonybum	FOUND
gonygef	FOUND
gopabed	FOUND
gopadax	FOUND
gopatav	FOUND
gopimar	FOUND
gopitub	FOUND
gopylab	FOUND
gopypyh	FOUND
gorecop	FOUND
gorifed	FOUND
gorogyf	FOUND
gorokiv	FOUND
goryvyn	FOUND
gosapur	FOUND
gosebys	FOUND
gosefav	FOUND
goseros	FOUND
gosifed	FOUND
gosimic	FOUND
gosivuv	FOUND
gosomog	FOUND
gosucyh	FOUND
gosulik	FOUND
gotanuk	FOUND
gotudog	FOUND
govodud	FOUND
goxacyd	FOUND
goxuhac	FOUND
goxybub	FOUND
goxybut	FOUND
goxygar	FOUND
gozagug	FOUND
gozanuz	FOUND
gozedur	FOUND
gozidof	FOUND
gozital	FOUND
gozymut	FOUND
gubadav	FOUND
gubafed	FOUND
gubakak	FOUND
gubanuv	FOUND
gubegig	FOUND
gubimeg	FOUND
gubitep	FOUND
gubogal	FOUND
gubopah	FOUND
gububep	FOUND
gubugig	FOUND
gubybig	FOUND
gubysen	FOUND
gucagoh	FOUND
gucecib	FOUND
gucomag	FOUND
gucukyf	FOUND
gudabag	FOUND
gudahag	FOUND
gudahil	FOUND
gudaryv	FOUND
gudebeb	FOUND
gudefud	FOUND
gudepyk	FOUND
gudezep	FOUND
gudiseh	FOUND
gudopog	FOUND
gudopoz	FOUND
gudubud	FOUND
gududis	FOUND
gudukab	FOUND
guduneg	FOUND
gudybag	FOUND
gufabac	FOUND
gufarem	FOUND
gufizym	FOUND
gufodid	FOUND
gufycer	FOUND
gugager	FOUND
gugameg	FOUND
gugedah	FOUND
gugenyg	FOUND
gugevir	FOUND
gugiper	FOUND
gugofyf	FOUND
gugofyv	FOUND
gugupab	FOUND
gugypis	FOUND
gugyzob	FOUND
guhexik	FOUND
guhidag	FOUND
guhygyr	FOUND
gukakyb	FOUND
gukasyd	FOUND
gukecos	FOUND
gukenyg	FOUND
gukevup	FOUND
gukinag	FOUND
gukiniv	FOUND
gukobub	FOUND
gukogup	FOUND
gulabur	FOUND
gulalab	FOUND
guletem	FOUND
gulofez	FOUND
gulozeb	FOUND
gulubur	MISS
guluxeh	FOUND
gumexif	FOUND
gumuhud	FOUND
gumypuv	FOUND
gunexim	FOUND
gunicav	FOUND
gunusab	FOUND
gupaxid	FOUND
gupilop	FOUND
gupygar	FOUND
guredad	FOUND
gurybih	FOUND
gusigir	FOUND
gusinyz	FOUND
gusipud	FOUND
gusonah	FOUND
gusymyf	FOUND
gutadud	FOUND
gutasyd	FOUND
gutibuf	FOUND
gutigod	FOUND
guvafum	FOUND
guvaxob	FOUND
guvibur	FOUND
guvuxeb	FOUND
guvuzyn	FOUND
guxatam	FOUND
guxatoh	FOUND
guxehur	FOUND
guxemyl	FOUND
guxideg	FOUND
guxigem	FOUND
guxumit	FOUND
guzubix	FOUND
guzuluf	FOUND
guzuroh	FOUND
gybeban	FOUND
gybefil	FOUND
gybelyr	FOUND
gybenon	FOUND
gybevut	FOUND
gybigix	FOUND
gybixah	FOUND
gyborof	FOUND
gybudus	FOUND
gybugyd	FOUND
gybuvyb	FOUND
gybuxox	FOUND
gybuzum	FOUND
gybyxyb	FOUND
gycedog	FOUND
gycigab	FOUND
gycomem	FOUND
gydabyt	FOUND
gydagub	FOUND
gydazel	FOUND
gydazid	FOUND
gydetyd	FOUND
gydibev	FOUND
gydiliv	FOUND
gydinug	FOUND
gydipif	FOUND
gydogah	FOUND
gydoteh	FOUND
gyducib	FOUND
gyduveb	FOUND
gyfagub	FOUND
gyfidab	FOUND
gygafyz	FOUND
gygapav	FOUND
gygaxyz	FOUND
gygegan	FOUND
gygevul	FOUND
gygideb	FOUND
gygobud	FOUND
gygocyx	FOUND
gygodyg	FOUND
gygonog	FOUND
gygubum	FOUND
gygulel	FOUND
gygycab	FOUND
gygydyp	FOUND
gygyguf	FOUND
gygykeb	FOUND
gygylob	FOUND
gygysad	FOUND
gygyxot	FOUND
gyhemug	FOUND
gyhymyv	FOUND
gykabyh	FOUND
gykegox	FOUND
gykepun	FOUND
gykizov	FOUND
gylureg	FOUND
gylygyn	FOUND
gymagim	FOUND
gymexab	FOUND
gymigis	FOUND
gynabeg	FOUND
gynagox	FOUND
gynizap	FOUND
gynymur	FOUND
gynyzud	FOUND
gypecys	FOUND
gypefam	FOUND
gypubac	FOUND
gypugem	FOUND
gyrupyc	FOUND
gyrusum	FOUND
gyseger	FOUND
gysehih	FOUND
gysinuf	FOUND
gysobor	FOUND
gysodyx	FOUND
gysosom	MISS
gysovuz	FOUND
gysozom	FOUND
gysubyb	FOUND
gysuzab	FOUND
gysypop	FOUND
gytadon	FOUND
gytebic	FOUND
gytihif	FOUND
gytobyl	FOUND
gytodeh	MISS
gytygol	FOUND
gytysin	FOUND
gytysyl	FOUND
gyvagyh	FOUND
gyveveg	FOUND
gyvoduv	FOUND
gyvofuh	FOUND
gyvuvar	FOUND
gyvuzap	FOUND
gyvyhad	FOUND
gyxarif	FOUND
gyxodef	FOUND
gyxokiz	FOUND
gyxyrac	FOUND
gyzaxut	FOUND
gyzobet	FOUND
gyzogad	FOUND
gyzucav	FOUND
gyzydav	FOUND
habikam	FOUND
habitah	FOUND
habuhyt	FOUND
hacedod	FOUND
hacekil	FOUND
haculil	FOUND
hacuzot	FOUND
hadaxan	FOUND
hadekuz	FOUND
hadezep	FOUND
hadidac	FOUND
hadorat	FOUND
hadoroh	FOUND
hagafut	FOUND
hagagyd	FOUND
hagecut	FOUND
hagedef	FOUND
hagilid	FOUND
hagykyv	FOUND
hagymer	FOUND
hagysuc	FOUND
hahakyh	FOUND
hahepot	FOUND
hahylah	FOUND
hakefuh	FOUND
hakisyh	FOUND
hakixaf	FOUND
haladyp	FOUND
halelot	FOUND
hamivib	FOUND
hanebod	FOUND
hanicim	FOUND
hanofyp	FOUND
hanuzax	FOUND
hanyzef	FOUND
hapamug	FOUND
hapeguh	FOUND
hapided	MISS
hapobyr	FOUND
hapuded	FOUND
harocod	FOUND
hasegov	FOUND
hatanym	FOUND
havacyd	FOUND
havipix	FOUND
havuxir	FOUND
haxidok	FOUND
haxidop	FOUND
haxyvyd	FOUND
hazixil	FOUND
hazizil	MISS
hebedoc	FOUND
hebeked	FOUND
heberah	FOUND
hebibyc	FOUND
hebilab	FOUND
hebonoc	FOUND
hebylid	FOUND
hecineb	FOUND
hecodup	FOUND
hediped	FOUND
hedizyx	FOUND
hedyraf	FOUND
heguhum	FOUND
hekuged	FOUND
hekybob	FOUND
helovim	FOUND
hemegop	FOUND
hemubeb	FOUND
hemuxan	FOUND
henapop	FOUND
heniref	FOUND
hepabal	FOUND
hepagyd	FOUND
hepofyp	FOUND
hepydev	FOUND
hepyfog	FOUND
heribid	FOUND
herihyx	FOUND
heronel	FOUND
hesaxav	FOUND
hesitaf	FOUND
hesolet	FOUND
hesyxaz	FOUND
hetahad	FOUND
hetefeg	FOUND
hetetox	FOUND
hetubep	FOUND
hevegel	FOUND
hevizaz	FOUND
hevoded	FOUND
hevuxyf	FOUND
hexezog	FOUND
hexicoh	FOUND
hexuban	FOUND
hexynyr	FOUND
hezabod	FOUND
hezafic	FOUND
hezanys	FOUND
hezavot	FOUND
hezifil	FOUND
hezogav	FOUND
hezyxyb	FOUND
hibadig	FOUND
hibaryb	FOUND
hibexib	FOUND
hibezeh	FOUND
hibigok	FOUND
hibobuc	FOUND
hibubuz	FOUND
hibudad	FOUND
hibydiz	FOUND
hibynag	FOUND
hiceban	FOUND
hicimux	FOUND
hidaveg	FOUND
hididuf	FOUND
hidinog	FOUND
hidivam	FOUND
hidomoz	FOUND
hidudud	FOUND
hiduhud	MISS
hidybeb	FOUND
hidyhos	FOUND
hidypom	FOUND
hidytyc	FOUND
hifobob	MISS
higutav	FOUND
hihizor	FOUND
hihuteb	FOUND
hikidak	FOUND
hikyzon	FOUND
himaxot	FOUND
himovag	FOUND
himyvyf	FOUND
hinihol	FOUND
hipinaz	FOUND
hirudaz	FOUND
hiryges	FOUND
hisigat	FOUND
hisodyk	FOUND
hisuxug	FOUND
hitafim	FOUND
hividyz	FOUND
hivifig	FOUND
hixeled	FOUND
hixihyd	FOUND
hixugab	FOUND
hizamis	FOUND
hobagib	FOUND
hobalip	FOUND
hobegip	FOUND
hobigym	MISS
hobodoz	FOUND
hobufiz	FOUND
hodaryg	FOUND
hodibab	FOUND
hofetod	FOUND
hofozuh	FOUND
hofugox	FOUND
hofupov	FOUND
hogenin	FOUND
hogesac	FOUND
hogetyn	FOUND
hogipum	FOUND
hogiror	FOUND
hogudav	FOUND
hoguren	FOUND
hogypuf	FOUND
hohinet	FOUND
hohorod	FOUND
hohynyx	FOUND
hohyzem	FOUND
homames	FOUND
homaxut	FOUND
homedyv	FOUND
homuhit	FOUND
homuvib	FOUND
honanyk	FOUND
honobus	FOUND
honokef	FOUND
honotux	FOUND
honusid	FOUND
hopeful	MISS
hopoxit	FOUND
horabed	FOUND
horenis	FOUND
hosomyf	FOUND
hoticix	FOUND
hotipud	FOUND
hotobyt	FOUND
hotupyk	FOUND
hovagup	FOUND
hovagyh	FOUND
hovodyf	FOUND
hovuled	FOUND
hovyhyr	FOUND
hoxefug	FOUND
hoxerak	FOUND
hoxetyk	FOUND
hoxicop	FOUND
hozecyz	FOUND
hozuget	FOUND
hozybyp	FOUND
hubozek	FOUND
hubudik	FOUND
hubuzed	FOUND
hubytig	FOUND
hucarim	FOUND
hucuzis	FOUND
hucyzir	FOUND
hudabid	FOUND
hudurat	FOUND
huduxim	FOUND
hudydim	FOUND
hufedot	FOUND
hufimyk	FOUND
hufivas	FOUND
hufygyl	FOUND
hugegeg	FOUND
hugoket	FOUND
hugudox	FOUND
hugykob	FOUND
huhegeb	FOUND
huhobef	FOUND
hukadyp	FOUND
hukelud	FOUND
hukucar	FOUND
huladar	FOUND
hulegyb	FOUND
huletyb	FOUND
hulimon	FOUND
hulukux	FOUND
hulykyt	FOUND
humecet	FOUND
humilyn	FOUND
hunybiz	FOUND
hupifal	FOUND
hupybip	FOUND
hurobef	FOUND
huroroc	FOUND
husesed	FOUND
husidyr	FOUND
husigym	FOUND
husipic	FOUND
hutavul	FOUND
hutitin	FOUND
huvoxal	FOUND
huzahas	FOUND
hybahon	FOUND
hybapap	FOUND
hybixex	FOUND
hybunom	FOUND
hybyxex	MISS
hycubob	FOUND
hycupef	FOUND
hydacyb	FOUND
hydakok	FOUND
hydehyz	FOUND
hydexoh	FOUND
hydopyc	FOUND
hydozul	FOUND
hyfatyg	FOUND
hyfegar	FOUND
hyfenut	FOUND
hyfidus	FOUND
hygeseh	FOUND
hygevyt	FOUND
hygityk	FOUND
hygixod	FOUND
hygixug	FOUND
hygovud	FOUND
hygyhyl	FOUND
hykucap	FOUND
hyletar	FOUND
hylodik	FOUND
hylypax	FOUND
hymipyb	FOUND
hymyzag	FOUND
hynidos	FOUND
hynidov	FOUND
hynofut	FOUND
hynyzin	FOUND
hypygep	FOUND
hyrahob	FOUND
hyrelux	FOUND
hyrocuf	FOUND
hyroros	FOUND
hyrypev	FOUND
hysevab	FOUND
hyseval	FOUND
hysolym	FOUND
hysorar	FOUND
hytedef	FOUND
hytobyf	FOUND
hyvabel	FOUND
hyvahir	FOUND
hyvuceg	FOUND
hyxifyd	MISS
hyxizyb	FOUND
hyxunyf	FOUND
hyzetof	FOUND
hyzoroc	FOUND
hyzusud	FOUND
hyzygap	FOUND
hyzypos	FOUND
jabafav	FOUND
jabegep	FOUND
jabicyz	FOUND
jabogug	FOUND
jacidun	FOUND
jadivir	FOUND
jadocip	FOUND
jadotob	FOUND
jaducyb	FOUND
jadydoh	FOUND
jafihap	FOUND
jafopex	FOUND
jagebor	FOUND
jagedan	FOUND
jagegod	FOUND
jagegyz	FOUND
jagerum	FOUND
jagisim	FOUND
jagivap	FOUND
jagozog	FOUND
jahimes	FOUND
jakovog	MISS
jalotus	FOUND
jaluhug	FOUND
jalupol	FOUND
jamapim	FOUND
jamaxyx	FOUND
jamiceg	FOUND
jaratab	FOUND
jaredon	FOUND
jarenog	FOUND
jaresyv	FOUND
jarixos	FOUND
jaruvah	FOUND
jasatim	FOUND
jaseped	FOUND
jatelab	FOUND
javyhat	FOUND
jaxizaz	FOUND
jaxopek	FOUND
jaxovog	FOUND
jazaruh	FOUND
jazigor	FOUND
jazocer	FOUND
jazuvum	FOUND
jebabab	FOUND
jebagef	FOUND
jebehyt	FOUND
jebibud	FOUND
jebidup	FOUND
jebigex	FOUND
jebinys	FOUND
jebycus	FOUND
jececip	FOUND
jecogac	FOUND
jecokob	FOUND
jeculaz	FOUND
jecyxuz	FOUND
jedacop	FOUND
jedanal	FOUND
jedelen	FOUND
jedevul	FOUND
jedixyg	FOUND
jedubag	FOUND
jefakeg	FOUND
jefalug	FOUND
jefegam	FOUND
jefeteg	FOUND
jefokis	FOUND
jegabap	FOUND
jegepiv	FOUND
jeguhid	FOUND
jehifud	FOUND
jehivyb	FOUND
jehoded	FOUND
jehoviz	FOUND
jehoxud	FOUND
jelahyl	FOUND
jeliham	FOUND
jemitir	FOUND
jepanot	FOUND
jepigir	FOUND
jepycad	FOUND
jerefel	FOUND
jeriduh	FOUND
jesogax	FOUND
jetobym	FOUND
jetudup	FOUND
jevazog	FOUND
jevysil	FOUND
jexogex	FOUND
jibizux	FOUND
jibukug	FOUND
jibyden	FOUND
jibyneg	FOUND
jicacah	FOUND
jicegis	FOUND
jicexeb	FOUND
jidacah	FOUND
jidaleb	FOUND
jidanup	FOUND
jidatyf	FOUND
jidomef	FOUND
jidopyc	FOUND
jidured	FOUND
jiduvid	FOUND
jifepan	FOUND
jifutab	FOUND
jigagyr	FOUND
jigedol	FOUND
jigifab	FOUND
jigigor	FOUND
jigizak	FOUND
jigofif	FOUND
jiguteg	FOUND
jigydin	FOUND
jihapig	FOUND
jikolyf	FOUND
jikudeg	FOUND
jikygoh	FOUND
jilibes	FOUND
jimagig	FOUND
jimefev	FOUND
jimikyr	FOUND
jimykig	FOUND
jimymir	FOUND
jinehen	FOUND
jinulyn	FOUND
jipovax	FOUND
jipyfup	FOUND
jirapax	FOUND
jirecyl	FOUND
jirubah	FOUND
jisazid	FOUND
jisodex	FOUND
jivyvyg	FOUND
jixepox	FOUND
jixosag	FOUND
jobedob	FOUND
jobytut	FOUND
jocefub	FOUND
jocemav	FOUND
jocenad	FOUND
jodemab	FOUND
jodidod	FOUND
joducuv	FOUND
jofiguf	FOUND
jofytar	FOUND
jogimup	FOUND
jogonot	FOUND
jogoxag	FOUND
jogykax	FOUND
jogyxyn	FOUND
johynil	FOUND
jokikan	FOUND
jokohul	FOUND
jokosop	FOUND
jolavyr	FOUND
joludun	FOUND
jolyrim	FOUND
jomodyf	FOUND
jomofip	FOUND
jonabon	FOUND
jonalyg	FOUND
jonalyp	FOUND
jonegub	FOUND
jopatyx	FOUND
jopenar	FOUND
joryrer	FOUND
josifok	FOUND
jotipap	FOUND
jotufig	FOUND
jotybot	FOUND
jovuben	FOUND
joxacec	FOUND
jozased	FOUND
jozetek	FOUND
jozilev	FOUND
jozomem	FOUND
jozycat	FOUND
jubenin	FOUND
jubises	FOUND
jubokax	FOUND
jubudaf	FOUND
jubysym	FOUND
jucigot	FOUND
jucunad	FOUND
jucybun	FOUND
jucysis	FOUND
judagum	FOUND
judidul	FOUND
jufakyx	FOUND
jufibex	FOUND
jufobuk	FOUND
jufufud	FOUND
jugafas	FOUND
jugobic	FOUND
jugodez	FOUND
jugycoz	FOUND
juhibor	FOUND
juhofyv	FOUND
juhovaz	FOUND
juhucuk	FOUND
juhynec	FOUND
jukakem	FOUND
jukugeb	FOUND
julafuh	FOUND
julakuc	FOUND
julicis	FOUND
julinan	FOUND
julofak	FOUND
julymok	FOUND
jumunac	FOUND
junufel	FOUND
junulor	FOUND
jupafot	FOUND
jupusic	FOUND
jusosol	FOUND
jusulyg	FOUND
jusuvun	FOUND
jutedyz	FOUND
jutegag	FOUND
juteguz	FOUND
jutesur	FOUND
jutobip	FOUND
jutodyv	FOUND
jutonob	FOUND
jutygal	FOUND
juvebud	FOUND
juvenut	FOUND
juvifug	FOUND
juvusat	FOUND
juxipaz	FOUND
juxuhup	FOUND
juzokov	FOUND
juzuret	FOUND
jybarig	MISS
jybaryg	FOUND
jybatub	FOUND
jybehaf	FOUND
jybezen	FOUND
jydagyg	FOUND
jydizoz	FOUND
jydolus	FOUND
jydukag	FOUND
jydusub	FOUND
jyfahuz	FOUND
jyfimup	FOUND
jyfofih	FOUND
jygamed	FOUND
jygoril	FOUND
jygosim	FOUND
jygyzat	FOUND
jyhalyt	FOUND
jyhapog	FOUND
jyhivef	FOUND
jykunib	FOUND
jylebyf	FOUND
jylumic	FOUND
jymarep	FOUND
jymigod	FOUND
jymoveg	FOUND
jynaneh	FOUND
jynysat	FOUND
jypelut	FOUND
jypogeg	FOUND
jypudub	FOUND
jypusis	FOUND
jysugut	FOUND
jysuser	FOUND
jytobus	FOUND
jytufyg	FOUND
jyvenom	FOUND
jyvusom	FOUND
jyvymyn	FOUND
jyxahir	FOUND
jyxokug	FOUND
jyzetet	FOUND
kabegag	FOUND
kabegav	FOUND
kabemyk	FOUND
kabepel	FOUND
kabivet	FOUND
kaboviz	FOUND
kacupev	FOUND
kadaxub	FOUND
kadirit	FOUND
kadivyp	FOUND
kadycug	FOUND
kadydul	FOUND
kadytuz	FOUND
kafogul	FOUND
kageryn	FOUND
kagesor	FOUND
kagosug	FOUND
kagovig	FOUND
kagupun	FOUND
kaguriv	FOUND
kahipyb	FOUND
kahixam	FOUND
kahucum	FOUND
kakebob	FOUND
kakiled	FOUND
kalamar	FOUND
kalisym	FOUND
kalizeg	FOUND
kalozuf	FOUND
kalumug	FOUND
kamicoz	FOUND
kamitab	FOUND
kamoled	FOUND
kamonyb	FOUND
kanubem	FOUND
kanynad	FOUND
kapafid	FOUND
kaposag	FOUND
karenyl	FOUND
karirar	FOUND
karituv	FOUND
kasopis	FOUND
kasuhyg	FOUND
kasykug	FOUND
katanex	FOUND
katysut	FOUND
kavepod	FOUND
kavobec	FOUND
kaxityl	FOUND
kaxogyt	FOUND
kaxotax	FOUND
kazabab	FOUND
kazomic	FOUND
kazyvub	FOUND
kebaboh	FOUND
kebagod	FOUND
kebexig	MISS
kebivuh	FOUND
kebotoh	MISS
kebuneb	FOUND
kebypap	FOUND
kecafem	FOUND
kecepig	FOUND
kecynyg	FOUND
kedabum	FOUND
kedadob	FOUND
kedebir	FOUND
kedodib	FOUND
kedogen	FOUND
kefixok	FOUND
kegocyh	FOUND
kegyhyr	FOUND
kehagim	FOUND
kehirig	FOUND
kekixam	FOUND
kelenop	FOUND
kelepyv	FOUND
kelibyp	FOUND
kelupod	FOUND
kelynoc	FOUND
kemakic	FOUND
kemugad	FOUND
kemumor	FOUND
kenityd	FOUND
kepodyc	FOUND
kepuval	MISS
kepuvul	FOUND
kepyzal	FOUND
kesagal	FOUND
ketasuf	FOUND
ketonez	FOUND
kevyvet	FOUND
kexabok	FOUND
kexedev	FOUND
kexovad	FOUND
kexyhus	FOUND
kezirin	FOUND
kibadyn	FOUND
kibalid	FOUND
kibatep	FOUND
kibomef	FOUND
kibyhud	FOUND
kicedod	FOUND
kicihid	FOUND
kicysad	FOUND
kidades	FOUND
kidedig	FOUND
kidisen	FOUND
kidizod	FOUND
kidizyx	FOUND
kiducoc	FOUND
kidunof	FOUND
kidybih	FOUND
kidycag	FOUND
kifabab	FOUND
kigixur	FOUND
kikazit	FOUND
kikidim	FOUND
kikifap	FOUND
kikorom	FOUND
kikubyl	FOUND
kikykon	FOUND
kikysus	FOUND
kilifyk	FOUND
kilybad	FOUND
kimeref	FOUND
kimihax	FOUND
kimyvec	FOUND
kinaped	FOUND
kinatab	FOUND
kiperox	FOUND
kipyzah	FOUND
kirufyd	FOUND
kiryxoc	FOUND
kisurek	FOUND
kitavev	FOUND
kitegid	FOUND
kivabyl	FOUND
kivigep	FOUND
kivogil	FOUND
kivysud	FOUND
kixuzuc	FOUND
kizemam	FOUND
kizesob	FOUND
kizifub	FOUND
kizinen	FOUND
kizireh	FOUND
kizukyx	FOUND
kizuxul	FOUND
kizuzuf	FOUND
kobaliv	FOUND
kobapug	FOUND
kobedan	FOUND
kobilem	FOUND
kobizad	FOUND
kobuden	FOUND
kobycot	FOUND
kocagih	FOUND
kocebit	FOUND
kodilyd	FOUND
kodivul	FOUND
kodovyg	FOUND
kodugyh	FOUND
kofabix	FOUND
kofegus	FOUND
kofelys	FOUND
kofifyt	FOUND
kogebed	FOUND
kogemot	FOUND
kogirob	FOUND
kogupog	FOUND
koguret	FOUND
kogydyg	FOUND
kogyfab	FOUND
kogyfig	FOUND
kogyvod	FOUND
kohacid	FOUND
kohogen	FOUND
kohylyf	FOUND
kokalup	FOUND
kokaxun	FOUND
kokisof	FOUND
kokovyd	FOUND
kolidib	FOUND
kolimaz	FOUND
kolozup	FOUND
koluhyk	FOUND
kolycuf	FOUND
komakax	FOUND
komigyk	FOUND
komurux	FOUND
konetod	FOUND
konipod	FOUND
konubyt	FOUND
konuvyd	FOUND
konygun	FOUND
konytyh	FOUND
konyvid	MISS
kopodor	FOUND
kopyhof	FOUND
korozev	FOUND
kosyveg	FOUND
kotapog	FOUND
kotefub	FOUND
kotezaf	FOUND
kotubol	FOUND
kotugis	FOUND
kovacyf	FOUND
kovinud	FOUND
kovutab	FOUND
kovydek	FOUND
kovypat	FOUND
koxacot	FOUND
koxibil	FOUND
koxybed	FOUND
kozamus	FOUND
kozazep	FOUND
kozobeg	FOUND
kozugob	FOUND
kubybix	FOUND
kuconim	FOUND
kudobyl	FOUND
kudugyz	FOUND
kudyduc	FOUND
kugaxol	FOUND
kugidek	FOUND
kugogyb	FOUND
kugopaf	FOUND
kuguluc	FOUND
kugykub	FOUND
kugytaf	FOUND
kuhefat	FOUND
kuhyzad	FOUND
kukyfig	FOUND
kulazom	FOUND
kulerav	FOUND
kumobug	FOUND
kumotuf	FOUND
kunadik	FOUND
kunuhis	FOUND
kupobob	FOUND
kuravys	FOUND
kurened	FOUND
kusonyd	FOUND
kutegyg	FOUND
kutixid	FOUND
kutodev	FOUND
kuvebit	FOUND
kuvehig	FOUND
kuxiser	FOUND
kuziker	FOUND
kybatuc	FOUND
kybedum	FOUND
kybekux	FOUND
kybexig	FOUND
kyborux	FOUND
kybosug	FOUND
kybosuh	MISS
kybybog	FOUND
kybygaz	FOUND
kycofav	FOUND
kycogom	FOUND
kycycib	FOUND
kycyfog	FOUND
kydogod	FOUND
kyfecad	FOUND
kyfodih	FOUND
kygocex	FOUND
kygusih	FOUND
kyhehar	FOUND
kykahog	FOUND
kykicer	FOUND
kykucag	FOUND
kylykag	FOUND
kymurox	FOUND
kynakop	FOUND
kynugur	FOUND
kypigap	FOUND
kypihur	FOUND
kypufan	FOUND
kypuhyr	FOUND
kyrakup	FOUND
kyrasax	FOUND
kyrunad	FOUND
kyseput	FOUND
kysycyt	FOUND
kytagan	FOUND
kytebir	FOUND
kytegim	FOUND
kyvuniz	FOUND
kyxifes	FOUND
kyxopal	FOUND
kyzygum	FOUND
labeled	MISS
labemev	FOUND
labugud	FOUND
labuhan	FOUND
ladabus	FOUND
ladaliv	FOUND
ladanug	FOUND
ladepuf	FOUND
ladoneg	FOUND
ladudip	FOUND
lafegid	FOUND
lafuvyb	FOUND
lafynid	FOUND
lagesor	FOUND
lagibus	FOUND
lagisab	FOUND
lagyleh	FOUND
lagytyp	FOUND
lahakad	FOUND
lahegov	FOUND
lahybid	FOUND
lakapag	FOUND
lakasot	FOUND
lakifuk	FOUND
lakihah	FOUND
lakosol	FOUND
lakyfol	FOUND
lakyfyg	FOUND
lakysed	FOUND
laladag	FOUND
laledim	FOUND
laleher	FOUND
lamevut	FOUND
lamibop	FOUND
lamypiv	FOUND
lanidec	FOUND
lanubob	FOUND
lapegyb	FOUND
lapucid	FOUND
laputot	FOUND
laregag	FOUND
larelez	FOUND
larexez	FOUND
laruvag	FOUND
lasapap	FOUND
lasegug	FOUND
lasidav	FOUND
lasofyn	FOUND
lasusav	FOUND
latahan	FOUND
lateral	MISS
lavapit	MISS
lavekus	FOUND
lavisux	FOUND
lavodax	FOUND
lavodeg	FOUND
laxabiv	FOUND
laxudys	FOUND
lazadyr	FOUND
lazedad	FOUND
lebacik	FOUND
lebalig	FOUND
lebedyb	FOUND
lebefiv	FOUND
lebezaf	FOUND
lebokub	FOUND
lebubor	FOUND
lecamyh	FOUND
lecanur	FOUND
lececyg	FOUND
lecigeh	FOUND
lecoded	FOUND
ledohit	FOUND
lefafaz	FOUND
lefedys	FOUND
lefirug	FOUND
lefymek	FOUND
legefoc	FOUND
legipex	FOUND
legobid	FOUND
legozir	FOUND
lehapyk	FOUND
lehidap	FOUND
lehuhuv	FOUND
lehuzen	FOUND
lekubip	FOUND
lelocan	FOUND
leluzig	FOUND
lemyvub	FOUND
lenybir	FOUND
lenygen	FOUND
lepazug	FOUND
lepovad	FOUND
lepufod	FOUND
lepugyd	FOUND
lepyhut	FOUND
leratul	FOUND
leroxad	FOUND
leryric	FOUND
lesyzud	FOUND
letadim	FOUND
letagef	FOUND
letakyd	FOUND
letohoc	FOUND
levesof	FOUND
levotag	FOUND
levuhib	FOUND
levygit	FOUND
levytig	FOUND
lexusat	FOUND
lexuvib	FOUND
lezyrut	FOUND
libifer	FOUND
libyfop	FOUND
licygim	FOUND
licypaz	FOUND
lidebig	FOUND
lidugag	FOUND
lidybep	FOUND
lifapis	FOUND
ligogez	FOUND
ligosym	FOUND
lihabig	FOUND
lihamav	FOUND
lihazin	FOUND
lihuhoc	FOUND
lihunif	FOUND
likofam	FOUND
liladyn	FOUND
lilegin	FOUND
lilukuv	FOUND
limamyf	FOUND
limited	MISS
limiter	MISS
limokir	FOUND
linahyl	FOUND
linexis	FOUND
lipeseb	FOUND
lipihyb	FOUND
liradat	FOUND
lirolaf	FOUND
lisynux	FOUND
litigor	FOUND
litipaf	FOUND
litipuv	FOUND
litorig	FOUND
litypan	FOUND
livadul	FOUND
livodad	FOUND
livyrub	FOUND
lixahad	MISS
lixoreb	FOUND
lixumik	FOUND
lizapav	FOUND
lobebyb	FOUND
loboded	FOUND
located	MISS
locodel	FOUND
lodadim	FOUND
lodavav	FOUND
lodenyf	FOUND
lodepac	FOUND
lodigyb	FOUND
lodiked	FOUND
lodikip	FOUND
lodogul	FOUND
lodulem	FOUND
lodyced	FOUND
lodygop	FOUND
lofebav	FOUND
lofigyn	FOUND
lofohyr	FOUND
lofuveb	FOUND
logahod	FOUND
logareg	FOUND
logaxol	FOUND
logepah	FOUND
logical	MISS
logihyn	FOUND
logilyg	FOUND
logogec	FOUND
logonez	FOUND
lohadel	FOUND
loharah	FOUND
lokuzan	FOUND
lolagah	FOUND
lolokir	FOUND
lomodux	FOUND
lomykoc	FOUND
lomynat	FOUND
lonafad	FOUND
lonesus	FOUND
lonibeg	FOUND
lonizit	FOUND
lonohev	FOUND
lonydah	FOUND
lopycat	FOUND
loravez	FOUND
lorymug	FOUND
losifep	FOUND
losodib	FOUND
lotivuk	FOUND
lovytod	FOUND
loxiceb	FOUND
lozabur	FOUND
lozanec	FOUND
lozizyl	FOUND
lozudod	FOUND
lozupex	FOUND
lubenub	FOUND
lubicih	FOUND
lubiged	FOUND
lubogyt	FOUND
lubopub	FOUND
lubybob	FOUND
lucatax	FOUND
lucehis	FOUND
lucibyb	FOUND
luculom	FOUND
ludabip	FOUND
ludacav	FOUND
ludafyk	FOUND
ludaton	FOUND
ludigap	FOUND
ludobyb	FOUND
ludoxub	FOUND
luduhaz	FOUND
luduzyb	FOUND
lufegyg	FOUND
lufybyg	FOUND
lufydyd	FOUND
lufylop	FOUND
lugalif	FOUND
lugekon	FOUND
lugekyh	FOUND
lugigeg	FOUND
lugosek	FOUND
lugutyb	FOUND
lugydyl	FOUND
lugyhom	FOUND
lugyxox	FOUND
luhexyg	FOUND
luhokud	FOUND
lukalet	FOUND
luligex	FOUND
lumehyd	FOUND
lumerab	FOUND
lumopik	FOUND
lumydeb	FOUND
lumyxag	FOUND
lunalis	FOUND
lunanud	FOUND
lunatic	MISS
lunuryd	FOUND
lupebik	FOUND
lupixyg	FOUND
lupunah	FOUND
lupyxyp	FOUND
luramob	FOUND
lurolav	FOUND
lusakox	FOUND
lutozon	FOUND
luvogab	FOUND
luvozob	FOUND
luvupim	FOUND
luvupoc	FOUND
luxedar	FOUND
luzidux	FOUND
lybabuv	FOUND
lybatuh	FOUND
lybeniz	FOUND
lybugyd	FOUND
lybuxab	FOUND
lycypep	FOUND
lydanyd	FOUND
lydapyx	FOUND
lydiban	FOUND
lydigyg	FOUND
lydyfox	FOUND
lyfycap	FOUND
lygitag	FOUND
lygofog	FOUND
lygubaz	FOUND
lygugoh	FOUND
lygygon	FOUND
lygyhah	FOUND
lygyrab	FOUND
lygyreb	FOUND
lyhebyg	FOUND
lyhizyz	FOUND
lykiboh	FOUND
lylukad	FOUND
lylycyc	FOUND
lymapig	FOUND
lymizek	FOUND
lymytuz	FOUND
lynybur	FOUND
lypedyr	FOUND
lypesyp	FOUND
lysalig	FOUND
lysezum	FOUND
lysulog	FOUND
lytevap	FOUND
lyxogov	FOUND
lyxotur	FOUND
lyxybyc	FOUND
lyzebux	FOUND
lyzevyg	FOUND
lyzicux	FOUND
mabacac	FOUND
mabifek	FOUND
mabigob	FOUND
macadod	FOUND
macageb	FOUND
macovyv	FOUND
macyfov	FOUND
madaget	FOUND
madasez	FOUND
madesac	FOUND
maduxiz	FOUND
madyrib	FOUND
mafehuv	FOUND
mafynus	MISS
mafynys	FOUND
magabaf	FOUND
magafik	FOUND
magical	MISS
magifas	FOUND
magiguc	FOUND
magobog	FOUND
magocan	FOUND
magybek	FOUND
magydup	FOUND
magyzur	FOUND
mahytoh	FOUND
makemud	FOUND
makirex	FOUND
malekuz	FOUND
malicir	FOUND
malyrez	FOUND
mamabyd	FOUND
mamocig	FOUND
managed	MISS
manager	MISS
manages	MISS
manedyp	FOUND
manubeb	FOUND
manusup	FOUND
manyruc	FOUND
mapalon	FOUND
mapomoh	FOUND
masisit	FOUND
masixon	FOUND
masuget	FOUND
masyfit	FOUND
matehig	FOUND
matesyc	FOUND
mavahih	FOUND
mavuhum	FOUND
maxapub	FOUND
maxekig	FOUND
maximum	MISS
maxucor	FOUND
mazufyg	FOUND
mazydec	FOUND
mebadod	FOUND
mebahak	FOUND
mebikeh	FOUND
mebyber	FOUND
mecydag	FOUND
medabop	FOUND
medival	MISS
medorir	FOUND
meduxon	FOUND
mefesox	FOUND
mefigix	FOUND
mefihif	FOUND
mefupeb	FOUND
mefyhal	FOUND
megagem	FOUND
meginad	FOUND
megobyb	FOUND
meguned	FOUND
megyduc	FOUND
mehocox	FOUND
mehocyl	FOUND
mekinop	FOUND
mekuxom	FOUND
meledih	FOUND
memagis	FOUND
memamix	MISS
memavex	FOUND
memaxix	FOUND
memenoh	FOUND
memuxur	FOUND
menorid	FOUND
mepades	FOUND
mepaxyl	FOUND
mepebac	FOUND
mepupup	FOUND
mesadaz	FOUND
mesasav	FOUND
mesidob	FOUND
metugeb	FOUND
metydap	FOUND
metyvit	FOUND
metyzub	FOUND
mevafof	FOUND
mezigyp	FOUND
mezykux	FOUND
mibafyf	FOUND
mibahak	FOUND
mibebis	FOUND
mibirev	FOUND
miborat	FOUND
miboziv	FOUND
midahos	FOUND
midevac	FOUND
midovyg	FOUND
midugip	FOUND
midulab	FOUND
midydat	FOUND
midyroc	FOUND
mifocol	FOUND
mifohag	FOUND
mifokud	FOUND
migedef	FOUND
migigax	FOUND
migonob	FOUND
migudov	FOUND
migymal	FOUND
mihamom	FOUND
mikirel	FOUND
mikobyd	FOUND
mikodad	FOUND
mikozir	FOUND
milytyn	FOUND
mimutif	FOUND
mimyfac	FOUND
minenuv	MISS
minimal	MISS
minimum	MISS
minixag	FOUND
minutes	MISS
mipozul	FOUND
mipuvac	MISS
mipuvak	FOUND
mipyseg	FOUND
mirenuv	FOUND
mirofuh	FOUND
mirudub	FOUND
mirumyd	FOUND
mirurut	FOUND
mitevoh	FOUND
mitubog	FOUND
mivatet	FOUND
miveriz	FOUND
mivotov	FOUND
mivubar	FOUND
mivynag	FOUND
mixizup	FOUND
mixuteb	FOUND
mixuvoc	FOUND
mixyked	FOUND
mizarub	FOUND
mobacem	FOUND
mobigef	FOUND
mobisil	FOUND
mobubyd	FOUND
mobydac	FOUND
mocyvyr	FOUND
modibup	FOUND
modoged	FOUND
modosad	FOUND
modular	MISS
modulus	MISS
modurap	FOUND
mofebyz	FOUND
mofiziz	FOUND
mofuvyx	FOUND
mofydag	FOUND
mogadad	FOUND
mogafur	FOUND
mogedug	FOUND
mogehes	FOUND
mogideb	FOUND
mogutex	FOUND
moguzum	FOUND
mogycir	FOUND
mogygih	FOUND
mohocox	MISS
mohotan	FOUND
mohuzux	FOUND
mohycet	FOUND
mokufoh	FOUND
molixep	FOUND
molodig	FOUND
momodyh	FOUND
monaxyp	FOUND
monegyn	FOUND
moninil	FOUND
monitor	MISS
monulom	FOUND
mopeced	FOUND
moredos	FOUND
morezyh	FOUND
morohyh	FOUND
moromil	FOUND
morybyk	FOUND
mosimid	FOUND
motagam	FOUND
motezys	FOUND
movahyt	FOUND
movibir	FOUND
movyzoc	FOUND
moxapod	FOUND
moxorot	FOUND
mozexad	FOUND
mozynyx	FOUND
mozypik	FOUND
mubabuk	FOUND
mubadyd	FOUND
mubazyl	FOUND
mubibyd	FOUND
mubimyd	FOUND
mubolok	FOUND
mubosih	FOUND
mubunev	FOUND
muburys	FOUND
mucamel	FOUND
mucirek	FOUND
mucudip	FOUND
mudadar	FOUND
mudivug	FOUND
muducos	FOUND
muduler	FOUND
mufuvud	FOUND
mugecyt	FOUND
mugetyg	MISS
mugibuf	FOUND
mugobon	FOUND
mugycyr	FOUND
muhecyg	FOUND
muhisit	FOUND
muhureg	FOUND
mukimiz	FOUND
mukoloc	FOUND
mukysat	FOUND
muleryx	FOUND
mulibix	FOUND
mumevyg	FOUND
mumokug	FOUND
munakin	FOUND
munorar	FOUND
mupyheg	FOUND
murypyl	FOUND
musenic	FOUND
musimyl	FOUND
musorop	FOUND
musycib	FOUND
mutyfon	FOUND
mutysas	FOUND
muvygyg	FOUND
muxobyg	FOUND
muxotom	FOUND
muxovas	FOUND
muxufug	FOUND
muxypyd	FOUND
muzidim	FOUND
muzomid	FOUND
mybedeh	FOUND
mybihus	FOUND
mybugob	FOUND
mybuguc	FOUND
mybyhel	FOUND
mycysob	FOUND
mydiger	FOUND
mydupop	FOUND
myfitok	FOUND
myfogic	FOUND
myfopup	FOUND
mygahul	FOUND
mygaruh	FOUND
mygunav	FOUND
myhabyb	FOUND
myhalov	FOUND
myhigyx	FOUND
myhikup	FOUND
myhofif	FOUND
myhyvag	FOUND
mykogyd	FOUND
mymobok	FOUND
mymutak	FOUND
mynykyc	FOUND
mypebed	FOUND
mypecyx	FOUND
mypiles	FOUND
mypodes	FOUND
mypokoz	FOUND
mypored	FOUND
myrodim	FOUND
myroxis	FOUND
myrygyn	FOUND
mysybov	FOUND
mytahun	FOUND
myvavyh	FOUND
myvebeg	FOUND
myvixug	FOUND
myvyner	FOUND
myxitit	FOUND
myzanyg	FOUND
myzelap	FOUND
myzorag	FOUND
myzyhol	FOUND
nabisid	FOUND
nabisyp	FOUND
nabudov	FOUND
nabunas	FOUND
nabycan	FOUND
nabymuv	FOUND
nabysin	FOUND
nabytib	FOUND
nacazex	FOUND
nacomit	FOUND
nacorag	FOUND
nadaleb	FOUND
nadazax	FOUND
nadegap	FOUND
nadevyk	FOUND
nadezys	FOUND
nadycug	FOUND
nadysad	FOUND
nafuhif	FOUND
nafumag	FOUND
nafusar	FOUND
nagahih	FOUND
nagasem	FOUND
nagebah	FOUND
nagebat	FOUND
nagyfud	FOUND
nahesed	FOUND
nahidim	FOUND
nahyces	FOUND
nakakuk	FOUND
nakenib	FOUND
nakidex	FOUND
nakolyc	FOUND
nakuvaf	FOUND
nakuxyg	FOUND
nakyxut	FOUND
nalopet	FOUND
namezof	FOUND
nanaces	FOUND
napahac	FOUND
naparid	FOUND
napevot	FOUND
naragyg	FOUND
naregyd	FOUND
narinyk	FOUND
naronid	FOUND
narudav	FOUND
nasifut	FOUND
nasihaf	FOUND
nasyhos	FOUND
natotyk	FOUND
natufux	FOUND
natural	MISS
navidos	FOUND
navivub	FOUND
navoger	FOUND
naxevab	FOUND
nazarov	FOUND
nazases	FOUND
nebelyb	FOUND
nebimed	FOUND
nebizig	FOUND
nebocub	FOUND
nebomid	FOUND
neburil	FOUND
nebusen	FOUND
necidev	FOUND
necyxor	FOUND
nedaked	FOUND
nedebyl	FOUND
nedoraz	FOUND
nedukix	FOUND
nefecod	FOUND
nefibyz	FOUND
nefobic	FOUND
negefug	FOUND
negopan	FOUND
negukah	FOUND
negyfif	FOUND
nekiboz	FOUND
nelaras	FOUND
nelebez	FOUND
nelozez	FOUND
nemesis	MISS
nemibox	FOUND
nemodax	FOUND
nenikyk	FOUND
nenotyk	FOUND
nenulev	FOUND
nenulid	FOUND
nepoboz	FOUND
nepuvir	FOUND
nepydig	FOUND
neridun	FOUND
nerunil	FOUND
nesubod	FOUND
nesuxil	FOUND
netikyg	FOUND
netuguc	FOUND
nexelob	FOUND
nexifud	FOUND
nexokud	FOUND
nezalom	FOUND
nibefeg	FOUND
nibixig	FOUND
nibofis	FOUND
nibokut	FOUND
nibuman	FOUND
nicagox	FOUND
nicityz	FOUND
nicupeb	FOUND
nicysox	FOUND
nidagus	FOUND
nidamos	FOUND
nidavex	FOUND
nideceh	FOUND
nifavom	FOUND
nifeloz	FOUND
nigehyx	FOUND
nigisyn	FOUND
nigobev	FOUND
nigonuz	FOUND
nihaxox	FOUND
nikebom	FOUND
nikezip	FOUND
nikutel	FOUND
nilegaz	FOUND
niluxig	FOUND
nimazoh	FOUND
nimizeb	FOUND
nimydih	FOUND
ninuvun	FOUND
nipabat	FOUND
nipabyh	FOUND
nipegom	FOUND
nisadix	FOUND
nisaxur	FOUND
nisiraf	FOUND
nisybep	FOUND
nitonud	FOUND
nivecus	FOUND
nizebex	FOUND
nizicap	FOUND
nizycyv	FOUND
nobibiz	FOUND
nobitig	FOUND
nobosaf	FOUND
nobytas	FOUND
nocinok	FOUND
nocudyg	FOUND
nodepin	FOUND
nodolur	FOUND
nodugub	FOUND
noduvyd	FOUND
nodyxub	FOUND
nogabyb	FOUND
nogafyp	MISS
nogarig	FOUND
nogecyz	FOUND
nogoger	FOUND
nogunef	FOUND
nogurud	FOUND
nohybuz	FOUND
nohysus	FOUND
nokadad	FOUND
nokilam	FOUND
nokonil	FOUND
nokyhar	FOUND
nolucic	FOUND
nolycuk	FOUND
nolyror	FOUND
nomezit	FOUND
nomipog	FOUND
nomuhux	FOUND
nonevyn	FOUND
nopabyf	FOUND
nopecux	FOUND
nopegir	FOUND
nopylax	FOUND
noribyn	FOUND
nosebab	FOUND
nosebar	FOUND
nosefoh	FOUND
nosimat	FOUND
notatug	FOUND
notepad	MISS
noticed	MISS
notices	MISS
notigug	FOUND
notilok	FOUND
notuber	FOUND
notypih	FOUND
novidac	FOUND
novilyp	FOUND
noxihuf	FOUND
noxupec	FOUND
noxybog	FOUND
nozadit	FOUND
nozanap	FOUND
nozapom	FOUND
nozecin	FOUND
nozudyg	FOUND
nozyvem	FOUND
nubidud	FOUND
nubidus	FOUND
nubityp	FOUND
nubusix	FOUND
nubyfif	FOUND
nucebus	FOUND
nucosah	FOUND
nudahed	FOUND
nudahug	FOUND
nudebok	FOUND
nudevyt	FOUND
nuditez	FOUND
nudolig	FOUND
nudynub	FOUND
nufesag	FOUND
nufyfol	FOUND
nufyxer	FOUND
nugadom	FOUND
nugapyk	FOUND
nugolis	FOUND
nugubob	FOUND
nuhobot	FOUND
nuhozen	FOUND
nuhubot	MISS
nuhybid	FOUND
nukityb	FOUND
nukusig	FOUND
nulalal	FOUND
nulaziv	FOUND
nulydex	FOUND
numedel	FOUND
numodod	FOUND
numopuk	FOUND
numoryg	FOUND
nunobex	FOUND
nunobyg	FOUND
nunorab	FOUND
nunukyb	FOUND
nupacoh	FOUND
nupaneg	FOUND
nupepap	FOUND
nupitox	FOUND
nupules	FOUND
nurykyc	FOUND
nutezyh	FOUND
nutihyd	FOUND
nutyded	FOUND
nutymyd	FOUND
nutynyb	FOUND
nuvecek	FOUND
nuvydeb	FOUND
nuxohuh	FOUND
nuzufyt	FOUND
nuzugon	FOUND
nybevuc	FOUND
nybosam	FOUND
nybysig	FOUND
nycidod	FOUND
nycoryt	FOUND
nycunid	FOUND
nycunus	FOUND
nycyzuk	FOUND
nydadir	FOUND
nydebim	FOUND
nydyxyg	FOUND
nyfycab	FOUND
nygaxyn	FOUND
nygihip	FOUND
nygobux	FOUND
nygomyk	FOUND
nygorof	FOUND
nygykid	FOUND
nyhasyd	FOUND
nyhelup	FOUND
nyhuhuf	FOUND
nykepux	FOUND
nykever	FOUND
nykikos	FOUND
nykocum	FOUND
nylabuv	FOUND
nylivux	FOUND
nylunon	FOUND
nylylas	FOUND
nylylos	FOUND
nymetus	FOUND
nymusyl	FOUND
nynobaz	FOUND
nypaboz	FOUND
nypexip	FOUND
nypifos	FOUND
nypilys	FOUND
nypokur	FOUND
nyrodyc	FOUND
nyrysin	FOUND
nysamot	FOUND
nytumek	FOUND
nyvadeb	FOUND
nyvesas	FOUND
nyvodic	FOUND
nyvudov	FOUND
nyvymak	FOUND
nyxitop	FOUND
nyxizab	FOUND
nyzabur	FOUND
nyzebiz	FOUND
nyzedos	FOUND
pabavat	FOUND
pabireb	FOUND
pabizap	FOUND
pabuduv	FOUND
pabuxog	FOUND
pacidap	FOUND
pacuhib	FOUND
padatyl	FOUND
padexoz	FOUND
padigyk	FOUND
padyfep	FOUND
padypiz	FOUND
padypyc	FOUND
padypyt	FOUND
pafulov	FOUND
pafynaf	FOUND
pagenod	FOUND
pagifam	FOUND
pagigat	FOUND
pagigeb	FOUND
pagilyf	FOUND
pagixob	FOUND
pagobab	FOUND
pagonaz	FOUND
pagoxet	FOUND
pahabyk	FOUND
pahysos	FOUND
pakygod	FOUND
palumuz	FOUND
pamifux	FOUND
panodab	FOUND
panokac	FOUND
panomoh	FOUND
panutab	FOUND
papudic	FOUND
parakoc	FOUND
parapil	FOUND
paregiv	FOUND
paryxet	FOUND
pasotyp	FOUND
pasufug	FOUND
patemyh	FOUND
patesag	FOUND
patuguh	FOUND
patymoz	FOUND
pavanog	FOUND
pavoloh	FOUND
paxebyz	FOUND
paxifuk	FOUND
paxomag	FOUND
paxysib	FOUND
pazaluc	FOUND
pazigyn	FOUND
pazubyh	FOUND
pebevix	FOUND
pebiguv	FOUND
pecebab	FOUND
pecivek	FOUND
pecixyc	FOUND
peculut	FOUND
pedadoz	FOUND
pedamet	FOUND
pedanem	FOUND
pedyvid	FOUND
pefepyc	FOUND
peferic	FOUND
pegemut	FOUND
pegerec	FOUND
pegivim	FOUND
pegobul	FOUND
pegyref	FOUND
peharez	FOUND
pehemiv	FOUND
pehobyg	FOUND
pehymah	FOUND
pehyset	FOUND
pelokib	FOUND
pelonym	FOUND
pemakub	FOUND
pemefec	FOUND
penamyp	FOUND
penyfar	FOUND
pepidif	FOUND
pepiral	FOUND
peradug	FOUND
perakak	FOUND
perezav	FOUND
perinud	FOUND
perugas	FOUND
perygas	FOUND
pesadab	FOUND
pesefuz	FOUND
pesumeg	FOUND
pesurud	FOUND
petifal	FOUND
pevezux	FOUND
pevugyd	FOUND
pexudof	FOUND
pexyvec	FOUND
pezybez	FOUND
pibadyg	FOUND
pibafog	FOUND
pibanyd	FOUND
pibasag	FOUND
pibomif	FOUND
pibuduh	FOUND
pibumag	FOUND
pibuxod	FOUND
pibybym	MISS
pibypym	FOUND
pibyzum	FOUND
picadyz	FOUND
picalan	FOUND
picezyr	FOUND
picyguk	FOUND
pidagas	FOUND
pidazic	FOUND
pidepig	FOUND
piderat	FOUND
pidezak	FOUND
pidugos	FOUND
pidurep	FOUND
pifuzez	FOUND
pifymyd	FOUND
pigariv	FOUND
pigaxav	FOUND
pigimof	FOUND
pigobin	FOUND
piguben	FOUND
pigyhot	FOUND
pigyhul	FOUND
pihecat	FOUND
pihifer	FOUND
pihinom	FOUND
pihuvyd	FOUND
pikahic	FOUND
pilenax	FOUND
pilibuh	FOUND
pilical	FOUND
pilobyc	FOUND
pilugih	FOUND
pilutid	FOUND
piluxit	FOUND
pilydag	FOUND
pilymyv	FOUND
pimafib	FOUND
pimizut	FOUND
pimuxic	FOUND
pimydut	FOUND
pinifis	FOUND
pipekum	FOUND
pipobam	FOUND
pipygaf	FOUND
piramid	MISS
pirodog	FOUND
pirudob	FOUND
piryxuk	FOUND
pisepyz	FOUND
pitodod	FOUND
pitofov	FOUND
pivepas	FOUND
pivotis	FOUND
pixisop	FOUND
pizugad	FOUND
pizycyt	FOUND
pobovab	FOUND
poburom	FOUND
pobydez	FOUND
pocetyv	FOUND
pocobem	FOUND
pocubeg	FOUND
podifer	FOUND
podozog	FOUND
podutyg	FOUND
podyloh	FOUND
podynax	FOUND
podyriv	FOUND
pofunud	FOUND
pogabum	FOUND
pogaxov	FOUND
pogazuk	FOUND
pogezed	FOUND
pogigam	FOUND
pogobub	FOUND
pogogub	FOUND
pogoguf	FOUND
pogylem	FOUND
pohinod	FOUND
pohugut	FOUND
pokyzyk	FOUND
pomefeh	FOUND
pomomup	FOUND
pomydaf	FOUND
popanah	FOUND
popehyb	FOUND
popular	MISS
porenuv	FOUND
porokyt	FOUND
porucel	FOUND
porumul	FOUND
posahan	FOUND
posedal	FOUND
posipob	FOUND
posyhyp	FOUND
potenak	FOUND
potisus	FOUND
poturys	FOUND
potygys	FOUND
povosic	FOUND
povyhyz	FOUND
poxesig	FOUND
pozevyg	FOUND
pozoryd	FOUND
pubeveb	FOUND
pubonyh	FOUND
pububem	FOUND
pubyfen	FOUND
pubylyc	FOUND
pucydod	FOUND
pudifed	FOUND
pudipet	FOUND
pufomaf	FOUND
pufunir	FOUND
pufuxil	FOUND
pufybec	FOUND
pugikyv	FOUND
pugomac	FOUND
pugugeg	FOUND
pugydyh	FOUND
pukorur	FOUND
pukozut	FOUND
pulefix	FOUND
pulidoz	FOUND
pumonos	FOUND
pumyxug	FOUND
punigev	FOUND
punilyb	FOUND
punosob	FOUND
punutir	FOUND
punytod	FOUND
pupeboz	FOUND
pupevoz	FOUND
pusabid	FOUND
pusifol	FOUND
pusirem	FOUND
pusonod	FOUND
pusopud	FOUND
pusunip	FOUND
putevag	FOUND
putikud	FOUND
putybap	FOUND
puvidec	FOUND
puvozog	FOUND
puvyfal	FOUND
puxegeg	FOUND
puxusic	FOUND
puzebir	FOUND
puzuvom	FOUND
pybakem	FOUND
pybedyr	FOUND
pybobyr	FOUND
pybofih	FOUND
pybohab	FOUND
pybotox	FOUND
pyburod	FOUND
pycezod	FOUND
pycyxum	FOUND
pydidyv	FOUND
pydiryz	FOUND
pydofud	FOUND
pydokak	FOUND
pydoxel	FOUND
pyduhad	FOUND
pygabip	FOUND
pygamep	FOUND
pygaxer	FOUND
pygegid	FOUND
pygemof	FOUND
pygilyn	FOUND
pygisod	FOUND
pygufyp	FOUND
pyguvud	FOUND
pygypor	FOUND
pyhahod	FOUND
pykelyx	FOUND
pykezyb	FOUND
pykised	FOUND
pykitis	FOUND
pykohir	FOUND
pylekyl	FOUND
pymapaf	FOUND
pymavex	FOUND
pymufal	FOUND
pynugib	FOUND
pynuhik	FOUND
pyrofol	FOUND
pyrozop	FOUND
pysizeb	FOUND
pysofac	FOUND
pysomyz	FOUND
pysonyc	FOUND
pysydag	FOUND
pytekih	FOUND
pytesoh	FOUND
pytidaz	FOUND
pytyfys	FOUND
pyximel	FOUND
pyxineb	FOUND
pyzibog	FOUND
pyzidul	FOUND
rabagot	FOUND
rabizax	FOUND
raboziv	FOUND
racutum	FOUND
radaded	FOUND
radedum	FOUND
radezud	FOUND
radiher	FOUND
radonad	FOUND
radulal	FOUND
radycix	FOUND
radygul	FOUND
radylur	FOUND
rafazof	FOUND
rafohov	FOUND
ragenub	FOUND
ragevud	FOUND
ragicob	FOUND
ragireb	FOUND
ragofyk	FOUND
ragonym	FOUND
rahamub	FOUND
raharym	FOUND
rakybex	FOUND
ralasep	FOUND
ramekat	FOUND
ramucar	FOUND
ranurul	FOUND
ranykec	FOUND
ranyxel	FOUND
rapovyl	FOUND
rapytuv	FOUND
raradum	FOUND
rarakih	FOUND
rarebed	FOUND
rarycec	FOUND
rasakuv	FOUND
rasineg	FOUND
rasoxoc	FOUND
ravahup	FOUND
razacup	FOUND
razufic	FOUND
razugep	FOUND
rebacet	FOUND
rebadoc	FOUND
rebekob	MISS
rebekog	FOUND
rebemag	FOUND
rebemah	FOUND
rebexer	FOUND
rebexor	MISS
reburur	FOUND
rebylad	FOUND
receric	FOUND
recokem	FOUND
recucum	FOUND
redehag	FOUND
redekeb	FOUND
reduced	MISS
redudev	FOUND
reduzan	FOUND
refined	MISS
refines	MISS
refurib	FOUND
refuses	MISS
regadek	FOUND
regecyg	FOUND
regixyz	FOUND
regular	MISS
regynyb	FOUND
rehikyd	FOUND
rekepib	FOUND
rekirom	FOUND
rekohot	FOUND
rekydiv	FOUND
relacyt	FOUND
related	MISS
relaxed	MISS
relebeb	FOUND
relenod	FOUND
relunox	FOUND
remamup	FOUND
remaxus	FOUND
remenod	FOUND
remerig	FOUND
remigaf	FOUND
remixes	MISS
removal	MISS
removed	MISS
removes	MISS
renutus	FOUND
rerekat	FOUND
reretez	FOUND
rerupug	FOUND
resebad	FOUND
resized	MISS
resugyd	FOUND
retadet	FOUND
retados	FOUND
retogud	FOUND
retotek	FOUND
retygav	FOUND
revised	MISS
revisit	MISS
revived	MISS
revuhet	FOUND
rexageb	FOUND
rexegep	FOUND
rexinuf	FOUND
rexogyr	FOUND
rezadam	FOUND
rezihed	MISS
rezyten	FOUND
ribaban	FOUND
ribedol	FOUND
ribureh	FOUND
ricameh	FOUND
ricedub	FOUND
ricevyg	FOUND
ricyker	FOUND
ridanub	FOUND
ridegov	FOUND
ridesad	FOUND
ridodat	FOUND
rifamid	FOUND
rifemub	FOUND
rifikop	FOUND
rifogas	FOUND
rigibob	FOUND
rigided	FOUND
rigixal	FOUND
riguveg	FOUND
rigyboz	FOUND
rigydab	FOUND
rihahav	FOUND
rihifon	FOUND
rihodym	FOUND
rihyfam	FOUND
rikazav	FOUND
rikivyn	FOUND
rikodox	FOUND
rilacog	FOUND
rilubug	FOUND
rimydav	FOUND
rinupom	FOUND
ripibex	FOUND
ripyveg	FOUND
riradex	FOUND
rirebof	FOUND
risalec	FOUND
ritihyv	FOUND
ritinez	FOUND
ritynog	FOUND
riveryg	FOUND
rivikaz	FOUND
rivybur	FOUND
rixifab	FOUND
rizafec	FOUND
rizotog	FOUND
rizyras	FOUND
robehuh	FOUND
roboxac	FOUND
robunut	FOUND
robyvib	FOUND
rocodus	FOUND
rocypix	FOUND
rodakab	FOUND
rodakax	FOUND
rodalod	FOUND
roduhov	FOUND
rodupeg	FOUND
rofabyf	FOUND
rofatef	FOUND
rofateg	FOUND
rofefet	FOUND
rogadom	FOUND
rogafog	FOUND
rogaxef	FOUND
rogegab	FOUND
rogilus	FOUND
rogivek	FOUND
rogozad	FOUND
rogygab	FOUND
rokapal	FOUND
rokuvud	FOUND
rolygid	FOUND
romapoh	FOUND
romiguz	FOUND
romimys	FOUND
romivyh	FOUND
ronerab	FOUND
ronered	FOUND
ronixup	FOUND
ropafif	FOUND
ropalys	FOUND
ropunab	FOUND
rosabic	FOUND
rosodaz	FOUND
rosutuf	FOUND
rotated	MISS
rotates	MISS
rovodab	FOUND
roxogeh	FOUND
roxykix	FOUND
rozatal	FOUND
rozirav	FOUND
rubamyt	FOUND
rubebag	FOUND
rubibos	FOUND
rubicon	MISS
rubigyg	FOUND
rubobim	FOUND
rubudeh	FOUND
rucarol	FOUND
rucixyb	FOUND
rudekid	FOUND
rudobot	FOUND
rudufyb	FOUND
rudurah	FOUND
rudutuk	FOUND
rufapeb	FOUND
rufatux	FOUND
rufogah	FOUND
rugacyh	FOUND
rugicob	FOUND
rugixuf	FOUND
rugoduv	FOUND
rugotir	FOUND
rugoxyt	FOUND
ruguvix	FOUND
rugygid	FOUND
ruhadub	FOUND
ruhadyr	FOUND
ruhobob	FOUND
ruhocic	FOUND
rukebor	FOUND
rukipyt	FOUND
rukizuv	FOUND
rulatoc	FOUND
ruleset	MISS
rumusir	FOUND
rumyrud	FOUND
runoluz	FOUND
rupatyr	FOUND
rupivig	FOUND
rupovid	FOUND
ruraguc	FOUND
rurukoc	FOUND
rurytos	FOUND
rusubeb	FOUND
rutetig	FOUND
rutevic	FOUND
rutovov	FOUND
ruvodes	FOUND
ruvolus	FOUND
ruxaziv	FOUND
ruzekyg	FOUND
ruzihed	FOUND
ruzugep	FOUND
rybafuk	FOUND
rybageb	FOUND
rybibir	FOUND
rybicol	FOUND
rybobeh	FOUND
rybunud	FOUND
rybymif	FOUND
rycecux	FOUND
rydebec	FOUND
rydedam	FOUND
rydedyf	FOUND
rydegul	FOUND
rydizeg	FOUND
rydufud	FOUND
ryduseb	FOUND
ryfadug	FOUND
ryfukul	FOUND
rygavam	FOUND
ryhurad	FOUND
rykabyt	FOUND
rykirif	FOUND
rykogax	FOUND
rykosyf	FOUND
rykumyd	FOUND
ryledym	FOUND
rymymub	FOUND
rynefuf	FOUND
rynidoh	FOUND
rynuxeb	FOUND
rypoxun	FOUND
ryratiz	FOUND
ryrozos	FOUND
rysuxih	FOUND
ryvipoc	FOUND
ryvokir	FOUND
ryxunec	FOUND
ryxuroh	FOUND
ryzeguc	FOUND
ryzoror	FOUND
ryzufaf	FOUND
ryzusib	FOUND
sabagys	FOUND
sabekok	FOUND
sadadob	FOUND
sadogav	FOUND
saduhez	FOUND
sadygys	FOUND
safafub	FOUND
saganom	FOUND
sagogub	FOUND
sagulag	FOUND
sahafip	FOUND
sahamib	FOUND
sahomyp	FOUND
sahuxur	FOUND
sakesal	FOUND
salafyc	FOUND
salezon	FOUND
saluder	FOUND
salusan	FOUND
samaloh	FOUND
samaref	FOUND
samasut	FOUND
samaviv	FOUND
samityb	FOUND
samynib	FOUND
sanedyc	FOUND
sanuzoh	FOUND
sapofag	FOUND
sarybiz	FOUND
sasabyh	FOUND
sasadet	FOUND
sasecoh	FOUND
sasixic	FOUND
satixim	FOUND
satubyd	FOUND
savehad	FOUND
savored	MISS
saxatev	FOUND
saxicul	FOUND
saxygen	FOUND
sazezoh	FOUND
sazicuh	FOUND
sazykad	FOUND
sebamyk	FOUND
sebegam	FOUND
sebezam	FOUND
seboneg	FOUND
sebygec	FOUND
sebylyh	FOUND
secigut	FOUND
sedodeh	FOUND
sefukak	FOUND
segagov	FOUND
segibav	FOUND
segozus	FOUND
segugyb	FOUND
segupop	FOUND
segyges	FOUND
sehavek	FOUND
sehokyg	FOUND
sehoxih	FOUND
sehulus	FOUND
seloxib	FOUND
seluhan	FOUND
semipus	FOUND
semogyd	FOUND
senilyd	FOUND
sepibyk	FOUND
serabyt	FOUND
serapag	FOUND
serefyd	FOUND
seryhif	FOUND
sesahan	FOUND
sesanit	FOUND
sesokab	FOUND
sesybyg	FOUND
several	MISS
sexamef	FOUND
sexekar	FOUND
sexidid	FOUND
sexudub	FOUND
sezucip	FOUND
sibanad	FOUND
sibatok	FOUND
sibekod	FOUND
sibexyf	FOUND
sibonis	FOUND
sibovex	FOUND
sicohom	FOUND
sidatug	FOUND
sidebep	FOUND
sidegeg	FOUND
sidexar	FOUND
sidocev	FOUND
sidogic	FOUND
sidonic	FOUND
sidumeh	FOUND
siduxyg	FOUND
sidydyb	FOUND
sifaxyd	FOUND
sifukas	FOUND
sigagan	FOUND
sigegak	FOUND
sigelop	FOUND
sikibyr	FOUND
sikuhig	FOUND
sikurug	FOUND
siludud	FOUND
simadar	FOUND
similar	MISS
simuben	FOUND
sinavup	FOUND
sinesyt	FOUND
sinibas	FOUND
sinikyf	FOUND
sipebur	FOUND
sipemim	FOUND
sipusuf	FOUND
siputor	FOUND
siradec	FOUND
siredox	FOUND
siroxog	FOUND
sirucic	FOUND
sirupeb	FOUND
sisogem	FOUND
sitatuh	FOUND
sitefyr	FOUND
sitymag	FOUND
sivanic	FOUND
sivovon	FOUND
sixuruk	FOUND
sixygot	FOUND
sizahob	FOUND
sizogoz	FOUND
sizyhez	FOUND
sizypon	FOUND
sobabep	FOUND
sobexeg	FOUND
sobicis	FOUND
sobybok	FOUND
sobydeb	FOUND
socydoh	FOUND
sodices	FOUND
sodihet	FOUND
sodorag	FOUND
sodypoh	FOUND
sogelok	FOUND
sogigid	FOUND
sogufed	FOUND
sohazoz	FOUND
sohysyr	FOUND
sokacol	FOUND
sokilet	FOUND
sokixep	FOUND
sokolix	FOUND
sokudyb	FOUND
solazuc	FOUND
solytil	FOUND
somicur	FOUND
somomyr	FOUND
sonokos	FOUND
sonozoz	FOUND
sopigaz	FOUND
sopokoh	FOUND
sopuhym	FOUND
sopyhap	FOUND
sorabod	FOUND
soradar	FOUND
sorehyg	FOUND
soribar	FOUND
sorodih	FOUND
sorukys	FOUND
sorypyb	FOUND
soryxin	FOUND
sosaguc	FOUND
sosinac	FOUND
sovigyz	FOUND
sovukok	FOUND
sovupoz	FOUND
soxagar	FOUND
sozapoc	FOUND
sozogip	FOUND
sozokar	FOUND
sozuhek	FOUND
subapoc	FOUND
subigit	FOUND
subisoz	FOUND
subisul	FOUND
suborev	FOUND
subumux	FOUND
sucadyp	FOUND
sucecas	FOUND
sucofiz	FOUND
sucosah	MISS
sucubob	MISS
sucudob	FOUND
sudadid	FOUND
sudadog	FOUND
sudebek	FOUND
sudigat	FOUND
sudonyg	FOUND
sufacav	FOUND
sufamuc	FOUND
sufebeb	FOUND
sufebub	MISS
suficab	FOUND
sufizem	FOUND
sufubih	FOUND
sufutob	FOUND
sugahev	FOUND
sugazuz	FOUND
sugebam	FOUND
sugefep	FOUND
sugehul	FOUND
suhigyl	FOUND
suhizik	FOUND
suhusul	FOUND
sukipyr	FOUND
sukomox	FOUND
sukyzob	FOUND
sululun	FOUND
sulydeh	FOUND
sumarid	FOUND
sumaxag	FOUND
sumigut	FOUND
sumumol	FOUND
sumuziz	FOUND
sumyled	FOUND
sunakyf	FOUND
sunyrig	FOUND
supiber	FOUND
surehix	FOUND
surisyd	FOUND
surodel	FOUND
surudop	FOUND
surygab	FOUND
susalad	FOUND
suselud	MISS
susosuc	FOUND
susufoz	FOUND
susulud	FOUND
susyrar	FOUND
sutitud	FOUND
sutodyz	FOUND
sutufym	FOUND
sutylem	FOUND
suvalis	FOUND
suvuhor	FOUND
suvupad	FOUND
suxarux	FOUND
suxekid	FOUND
suxobas	FOUND
suxunyd	FOUND
suzevyz	FOUND
suzuhyh	FOUND
suzyrub	FOUND
sybubid	FOUND
sybukyg	FOUND
sybykut	FOUND
sybypom	FOUND
sybyvab	FOUND
sycexeb	FOUND
sycubok	FOUND
sydagac	FOUND
sydevos	FOUND
sydidug	FOUND
sydipyt	FOUND
sydivev	FOUND
sydohif	FOUND
sydohot	FOUND
sydolyg	FOUND
sydorif	FOUND
sydugab	FOUND
sydytyh	FOUND
syfumyt	FOUND
sygarod	FOUND
sygipef	FOUND
sygyzuk	FOUND
syhezur	FOUND
syhigar	FOUND
syhyguf	FOUND
sykadas	FOUND
sykekuv	FOUND
sykelim	FOUND
sykezub	FOUND
sykimaz	FOUND
sykogap	FOUND
sykysen	FOUND
sylafac	FOUND
sylyduc	FOUND
symuryh	FOUND
syparym	FOUND
sypekaz	FOUND
sypigif	FOUND
sypuguc	FOUND
sypylyt	FOUND
syrepas	FOUND
syrygit	FOUND
syryhym	FOUND
syryvel	FOUND
sysikam	FOUND
sysorat	FOUND
sytogub	FOUND
sytubed	FOUND
syvopos	FOUND
syvyhis	FOUND
syxibyx	FOUND
syzafuz	FOUND
syzyboz	FOUND
syzygeb	FOUND
tabivex	FOUND
tabotel	FOUND
tabuson	FOUND
tacemeh	FOUND
tacodon	FOUND
tacydyz	FOUND
tadatas	FOUND
tadiler	FOUND
tadired	FOUND
tadogyg	FOUND
tadomid	FOUND
taduvid	FOUND
tafevir	FOUND
tafilel	FOUND
tafivob	FOUND
tagacob	FOUND
taganyr	FOUND
tagibyg	FOUND
tagikof	FOUND
takaduf	FOUND
takonik	FOUND
takoxyx	FOUND
takybyd	FOUND
taledig	FOUND
talyfyb	FOUND
talygic	FOUND
tamaves	FOUND
tanoniv	FOUND
tanuvip	FOUND
tanyvab	MISS
tapasut	FOUND
tapucak	FOUND
tapuxeg	FOUND
tarator	FOUND
taricod	FOUND
tarovyl	FOUND
tasebyg	FOUND
tatenan	FOUND
tatofef	FOUND
tavirok	FOUND
tavocag	FOUND
tavutis	FOUND
tavydar	FOUND
tavydyg	FOUND
taxasut	FOUND
taxexuc	FOUND
taxiviv	FOUND
tazivol	FOUND
tebelip	FOUND
tebyfuk	FOUND
tecameg	FOUND
tecoleh	FOUND
tecupun	FOUND
tecusad	FOUND
tecycyr	FOUND
tedalug	FOUND
tedehad	FOUND
tedined	FOUND
tedynob	FOUND
tefulet	FOUND
tegagop	FOUND
tegilih	FOUND
tegisab	FOUND
tehabup	FOUND
tehibab	FOUND
tehocax	FOUND
tehysof	FOUND
tekebez	FOUND
tekenel	FOUND
tekenyc	FOUND
teketot	FOUND
tekydop	FOUND
tekyhim	FOUND
tekyhop	FOUND
teladoc	FOUND
telibyp	FOUND
telizor	FOUND
telobuf	FOUND
teluder	FOUND
tenakir	FOUND
tenecef	FOUND
teneviv	FOUND
tenubap	FOUND
terokid	FOUND
tesezyd	FOUND
tetevad	FOUND
tetopin	FOUND
tevobeh	FOUND
tevymis	FOUND
texecen	FOUND
texeral	FOUND
texilob	FOUND
tezevac	FOUND
tezusub	FOUND
tibefug	FOUND
tibulib	FOUND
tibygax	FOUND
tibykuz	FOUND
ticacah	FOUND
ticalez	FOUND
ticykel	FOUND
tidadug	FOUND
tidazig	FOUND
tiderab	FOUND
tidikyt	FOUND
tidokis	FOUND
tidunyp	FOUND
tifuvim	FOUND
tifyned	FOUND
tigaget	FOUND
tiginok	FOUND
tigobud	FOUND
tigozyp	FOUND
tilemez	FOUND
tinokim	FOUND
tinuryg	FOUND
tinycez	FOUND
tipihim	FOUND
tiratad	FOUND
tirekox	FOUND
tiryhuv	FOUND
tisinel	FOUND
tisomid	FOUND
tisulyf	FOUND
tisypud	FOUND
titivof	FOUND
titumuf	FOUND
tivolic	FOUND
tivopil	FOUND
tizadoz	FOUND
tizigyk	FOUND
tizodum	FOUND
tobafog	FOUND
tobazap	FOUND
tobedat	FOUND
tobihyg	FOUND
tocedeh	FOUND
tocivul	FOUND
tocubug	FOUND
tocyged	FOUND
todikic	FOUND
todybet	FOUND
tofibit	FOUND
togetob	FOUND
togikaz	FOUND
togohir	MISS
tohogir	FOUND
tokicex	FOUND
tokirav	FOUND
tokuvyx	FOUND
tolufid	FOUND
tomacin	FOUND
tomobov	FOUND
tomugob	MISS
tomybac	FOUND
tonesih	FOUND
tonugob	FOUND
topibyz	FOUND
topudax	FOUND
topunok	FOUND
torolor	FOUND
tosepyh	FOUND
tosykum	FOUND
totobat	FOUND
tovegog	FOUND
tovepip	FOUND
tovunad	FOUND
toxagyf	FOUND
toxifos	FOUND
toxuhan	FOUND
toxylim	FOUND
tozabek	FOUND
tozebar	FOUND
tozefif	FOUND
tubaben	FOUND
tubacug	FOUND
tubufeb	FOUND
tubysud	FOUND
tucedym	FOUND
tucodal	FOUND
tudaryg	FOUND
tudetuc	FOUND
tudifeg	FOUND
tudipit	FOUND
tudizyz	FOUND
tudugys	FOUND
tudumed	FOUND
tuduzob	FOUND
tudyrib	FOUND
tufolus	FOUND
tugedab	FOUND
tugugug	FOUND
tugydiv	FOUND
tuhasam	FOUND
tuhofic	FOUND
tuhukef	FOUND
tuhybik	FOUND
tuhyfod	FOUND
tuhykud	FOUND
tukafur	FOUND
tukexug	FOUND
tukyval	FOUND
tulidir	FOUND
tulobek	FOUND
tulufyn	FOUND
tumahyk	FOUND
tumiguh	FOUND
tumubav	FOUND
tumuced	FOUND
tumumud	FOUND
tunaxik	FOUND
tunimes	FOUND
tunokod	FOUND
tunubug	FOUND
tunupyv	FOUND
tupaden	FOUND
tupaled	FOUND
turodyv	FOUND
turubad	FOUND
tutalyz	FOUND
tutulyl	FOUND
tutusop	FOUND
tuvesux	FOUND
tuvicup	FOUND
tuvudyr	FOUND
tuvygen	FOUND
tuvyhex	FOUND
tuxilac	FOUND
tuxubyc	FOUND
tuxural	FOUND
tuzamib	FOUND
tuzebib	FOUND
tuzecop	FOUND
tybafif	FOUND
tybekac	FOUND
tybifiz	FOUND
tybobar	FOUND
tybogyd	FOUND
tybubas	FOUND
tycazac	FOUND
tycodyl	FOUND
tycofur	FOUND
tydacyz	FOUND
tydipoz	FOUND
tydoboc	FOUND
tyfabet	FOUND
tyfahic	FOUND
tyfecob	FOUND
tygenud	FOUND
tygosic	FOUND
tygozin	FOUND
tyhapoz	FOUND
tyhipek	FOUND
tylebaf	FOUND
tylecix	FOUND
tylokol	FOUND
tymucat	FOUND
tynugyt	FOUND
typapek	FOUND
typatog	FOUND
typical	MISS
typogus	FOUND
tyratod	FOUND
tyrenug	FOUND
tyrexov	MISS
tysorid	FOUND
tyvubem	FOUND
tyvumih	FOUND
tyvuzut	FOUND
tyxefov	FOUND
tyxumuh	FOUND
tyxycak	FOUND
tyzafec	FOUND
tyzavad	FOUND
tyzazoc	FOUND
tyzivos	FOUND
vababub	FOUND
vabitig	FOUND
vabokof	FOUND
vabybiv	FOUND
vacomid	MISS
vacufof	FOUND
vacysak	FOUND
vadafyl	FOUND
vadatuh	FOUND
vadihoc	FOUND
vadikor	FOUND
vadumar	FOUND
vaduzex	FOUND
vadyxoh	FOUND
vafidil	FOUND
vafifyr	FOUND
vafisis	FOUND
vafymit	FOUND
vagameg	FOUND
vagiboc	FOUND
vagigid	FOUND
vagimez	FOUND
vagitod	FOUND
vagosuv	FOUND
vagugid	FOUND
vagumog	FOUND
vagunib	FOUND
vahatyz	FOUND
vahevem	FOUND
vahovob	FOUND
vakahyl	FOUND
vakigid	FOUND
vakomid	FOUND
vakytug	FOUND
valyhog	FOUND
vamogub	FOUND
vamusyh	FOUND
vanecuk	FOUND
vanemyc	FOUND
vanumis	FOUND
vapigin	FOUND
vapuvor	FOUND
varobol	FOUND
varused	FOUND
varysit	FOUND
vasamuh	FOUND
vasetil	FOUND
vasityr	FOUND
vasyvah	FOUND
vatedar	FOUND
vatiros	FOUND
vatyfeb	FOUND
vavefeb	FOUND
vaveran	FOUND
vavytab	FOUND
vaxamyb	FOUND
vaxebir	FOUND
vaxihut	FOUND
vazikir	FOUND
vazyhyp	FOUND
vebahuh	FOUND
veberak	FOUND
vebuhag	FOUND
vebyvod	FOUND
vececuf	FOUND
vedacal	FOUND
vedesyc	FOUND
vedinun	FOUND
vedozan	FOUND
vedydak	FOUND
vedyxit	FOUND
vefahod	FOUND
vefegut	FOUND
vefuvob	FOUND
vegiged	FOUND
vegoneh	FOUND
vegufex	FOUND
vehogul	FOUND
veladyk	FOUND
velemob	FOUND
velusob	FOUND
vemoryg	FOUND
vemudep	FOUND
vemybyx	FOUND
venebaz	FOUND
venigof	FOUND
venupom	FOUND
venylar	FOUND
venypah	FOUND
vepadah	FOUND
vepuced	FOUND
verecac	FOUND
verodyh	FOUND
veruver	FOUND
verycab	FOUND
vesasag	FOUND
vesaxad	FOUND
vesegiz	FOUND
vetabiv	FOUND
veteran	MISS
vetymyx	FOUND
vetysyz	FOUND
vevovar	FOUND
vevuhun	FOUND
vexahym	FOUND
vexetup	FOUND
vexobys	FOUND
vexubic	FOUND
vezevog	FOUND
vezirot	FOUND
vezohuh	FOUND
vezomug	FOUND
vibefym	FOUND
vibunoz	FOUND
vibupec	FOUND
vibuvut	FOUND
vibygis	FOUND
vibymox	FOUND
vibytag	FOUND
vicanuh	FOUND
viceraz	FOUND
vicyhyk	FOUND
vicyxan	FOUND
vidihod	FOUND
vidohab	FOUND
vidoxus	FOUND
vifavim	FOUND
vigehar	FOUND
vigekob	FOUND
vigikut	FOUND
vigimez	MISS
vigofyx	FOUND
vigygas	FOUND
vihabup	FOUND
vihevob	FOUND
vihiduz	FOUND
vihokuk	FOUND
vihubeb	FOUND
vikasis	FOUND
vikypil	FOUND
viligaf	FOUND
vilukar	FOUND
vimonig	FOUND
vimydah	FOUND
vinodac	FOUND
vinubiv	FOUND
vipehep	FOUND
vipydid	FOUND
vipyfel	FOUND
virofad	FOUND
virohig	FOUND
virusuz	FOUND
visaguz	FOUND
visasap	FOUND
visited	MISS
visumuf	FOUND
visupob	FOUND
vitexus	FOUND
vitytot	FOUND
vivevop	FOUND
vivotyt	FOUND
vixarog	FOUND
vixodav	FOUND
vobiben	FOUND
vobiseb	FOUND
vobylih	FOUND
vobyzab	FOUND
vocogoz	FOUND
vodakok	FOUND
vodenat	FOUND
vodobyv	FOUND
vodonak	FOUND
vofipix	FOUND
vofubir	FOUND
vofyzuf	FOUND
vohenug	FOUND
vohofil	FOUND
vohudis	FOUND
vohuvif	FOUND
vokaleg	FOUND
voladik	FOUND
volubac	FOUND
vonapus	FOUND
vonotob	FOUND
vonulag	FOUND
vopubub	FOUND
voraver	FOUND
vorohag	FOUND
vorozad	FOUND
voseduk	FOUND
vosyfud	FOUND
votagov	FOUND
votumot	FOUND
vovolud	FOUND
vovyfak	FOUND
vovymel	FOUND
voxodud	FOUND
vozigib	FOUND
vozusus	FOUND
vozuzif	FOUND
vuboruc	FOUND
vubyvog	FOUND
vubyxig	FOUND
vudebam	FOUND
vudedyn	FOUND
vudehyg	FOUND
vudideh	FOUND
vudifit	FOUND
vudohap	FOUND
vudohig	FOUND
vudyciv	FOUND
vufager	FOUND
vufigep	FOUND
vufigum	FOUND
vufogix	FOUND
vugehot	FOUND
vugemed	FOUND
vugucyv	FOUND
vugygup	FOUND
vuhoneh	FOUND
vuhovas	FOUND
vuhunoc	FOUND
vuhunyp	FOUND
vukilug	FOUND
vukokyf	FOUND
vukozam	FOUND
vulikub	FOUND
vumekek	FOUND
vumiken	FOUND
vumoryn	FOUND
vumugyd	FOUND
vunuzal	FOUND
vunyhyc	FOUND
vupegyb	FOUND
vuridas	FOUND
vuruhos	FOUND
vurulog	FOUND
vusifyv	FOUND
vusydeb	FOUND
vusysys	FOUND
vutixud	FOUND
vuvegob	FOUND
vuxazyf	FOUND
vuxesab	FOUND
vybesac	FOUND
vybyceh	FOUND
vycigon	FOUND
vydaves	FOUND
vyduves	FOUND
vydybac	FOUND
vydyrex	FOUND
vyfacic	FOUND
vyfugud	FOUND
vygakob	FOUND
vygisyp	FOUND
vygodab	FOUND
vygoduz	FOUND
vyhakud	FOUND
vyhinib	FOUND
vyhivak	FOUND
vyhohyc	FOUND
vyhutin	FOUND
vylobad	FOUND
vylykud	FOUND
vynesuk	FOUND
vynezyv	FOUND
vynikig	FOUND
vynotoc	FOUND
vynureg	FOUND
vynutig	FOUND
vypamyt	FOUND
vypiboh	FOUND
vypugun	FOUND
vypuhaf	FOUND
vyregig	FOUND
vyrepub	FOUND
vyrerag	FOUND
vysokoz	FOUND
vytagas	FOUND
vytakod	FOUND
vytotis	FOUND
vytumub	FOUND
vytybuk	FOUND
vytyled	FOUND
vyvigot	FOUND
vyviter	FOUND
vyvocod	FOUND
vyvoric	FOUND
vyvubub	FOUND
vyxamod	FOUND
vyxygil	FOUND
vyzezum	FOUND
vyzikig	FOUND
xabenig	FOUND
xabihih	FOUND
xabisig	FOUND
xabivyn	FOUND
xabozud	MISS
xabulal	FOUND
xabyzaz	FOUND
xacyrid	FOUND
xadegir	FOUND
xadepip	FOUND
xadydih	FOUND
xadyryl	FOUND
xafasug	FOUND
xagadyn	FOUND
xagelez	FOUND
xagesik	FOUND
xagivos	FOUND
xagizod	FOUND
xagobyl	FOUND
xagoxat	FOUND
xagygyd	FOUND
xahikis	FOUND
xakigan	FOUND
xakixul	FOUND
xakudyc	FOUND
xalicib	FOUND
xalozur	FOUND
xamucyv	FOUND
xamuvub	FOUND
xamyvam	FOUND
xaniceg	FOUND
xanycah	FOUND
xapekec	FOUND
xaromux	FOUND
xaryxaz	FOUND
xasabyz	FOUND
xatobut	FOUND
xatosad	FOUND
xavatug	FOUND
xavefam	FOUND
xavicob	FOUND
xaxibam	FOUND
xazodec	FOUND
xazylaz	FOUND
xazynux	FOUND
xebabic	FOUND
xebabim	FOUND
xebakuc	FOUND
xebebem	FOUND
xebemiz	FOUND
xebipoh	FOUND
xebubyk	FOUND
xebucom	FOUND
xebugeg	FOUND
xecibuc	FOUND
xecocys	FOUND
xedycop	FOUND
xedygyb	FOUND
xedyvyg	FOUND
xefoxep	FOUND
xegadis	FOUND
xegemob	FOUND
xeginid	FOUND
xegocur	FOUND
xegopeg	FOUND
xegudut	FOUND
xegukub	FOUND
xegupos	FOUND
xegybev	FOUND
xegynad	FOUND
xegyxud	FOUND
xehahib	FOUND
xehegys	FOUND
xekaluv	FOUND
xekanub	FOUND
xekehid	FOUND
xekodif	FOUND
xekyfat	FOUND
xelerap	FOUND
xelobez	FOUND
xelunop	FOUND
xenykah	FOUND
xepocag	FOUND
xepokin	FOUND
xepygic	FOUND
xepynik	FOUND
xeradyv	FOUND
xeramyb	FOUND
xeredyf	FOUND
xeriboz	FOUND
xerylul	FOUND
xesegyf	FOUND
xesesat	FOUND
xetates	FOUND
xeteluh	FOUND
xetidud	FOUND
xetyped	FOUND
xevaguc	FOUND
xexanyg	FOUND
xexizyf	FOUND
xexovup	FOUND
xexylyn	FOUND
xezedag	FOUND
xezuxub	FOUND
xezuzub	MISS
xibabyd	FOUND
xibecek	FOUND
xibibur	FOUND
xibonyx	FOUND
xibozaz	FOUND
xicaful	FOUND
xicited	FOUND
xicusog	FOUND
xidamyn	FOUND
xidedob	FOUND
xidenel	FOUND
xidikuz	FOUND
xidodyf	FOUND
xidoxas	FOUND
xidycon	FOUND
xifuxod	FOUND
xigedac	FOUND
xigefub	FOUND
xigiryn	FOUND
xigotyz	FOUND
xigozax	FOUND
xigyget	FOUND
xigymuv	FOUND
xigytyr	FOUND
xikerad	FOUND
xilunob	FOUND
ximacad	FOUND
ximanir	FOUND
ximiruc	FOUND
ximorym	FOUND
ximyfyt	FOUND
xinorex	FOUND
xipakyf	FOUND
xiriked	FOUND
xisoxeg	FOUND
xisuhin	FOUND
xisydag	FOUND
xitagud	FOUND
xitugip	FOUND
xiviker	FOUND
xivimoz	FOUND
xivygac	FOUND
xixehon	FOUND
xixucyh	FOUND
xizidih	FOUND
xobacek	FOUND
xobeved	FOUND
xobidog	FOUND
xobikag	FOUND
xobonip	FOUND
xocacap	FOUND
xocapyb	FOUND
xodikyp	FOUND
xodudan	FOUND
xoduhuh	FOUND
xodykav	FOUND
xofirah	FOUND
xoforum	FOUND
xogaxib	FOUND
xogerog	FOUND
xogugaf	FOUND
xogugax	FOUND
xoguham	FOUND
xoguled	FOUND
xohazam	FOUND
xohegef	FOUND
xohodak	FOUND
xohydum	FOUND
xokokab	FOUND
xokulyx	FOUND
xokupeg	FOUND
xokupyp	FOUND
xokydug	FOUND
xokyvib	FOUND
xolicaz	FOUND
xolylyg	FOUND
xomafym	FOUND
xomosik	FOUND
xonocet	FOUND
xonogod	FOUND
xonopig	FOUND
xopacax	FOUND
xopebed	FOUND
xorapeg	FOUND
xosofak	FOUND
xosyrub	FOUND
xotidov	FOUND
xotinyg	FOUND
xotyrif	FOUND
xovelig	FOUND
xovolen	FOUND
xovytyh	FOUND
xoxabes	FOUND
xoxexyf	FOUND
xoxobob	FOUND
xoxozyx	FOUND
xozabib	FOUND
xozatoc	FOUND
xozobyr	FOUND
xozugan	FOUND
xozyviz	FOUND
xubagyc	FOUND
xubagyd	FOUND
xuberox	FOUND
xubunib	FOUND
xubuzub	FOUND
xubyxen	FOUND
xucumav	FOUND
xucumig	FOUND
xudedym	FOUND
xudodur	FOUND
xudofag	FOUND
xuduheh	FOUND
xufexec	FOUND
xugagib	FOUND
xugedir	FOUND
xugixol	FOUND
xugumux	FOUND
xugypok	FOUND
xuhabaz	FOUND
xuhapov	FOUND
xuhefud	FOUND
xuhevob	FOUND
xuhylid	FOUND
xukidun	FOUND
xukokyb	FOUND
xukumol	FOUND
xukyhyt	FOUND
xulikax	FOUND
xulymal	FOUND
xumeted	FOUND
xumovox	FOUND
xumydel	FOUND
xunagur	FOUND
xunalag	FOUND
xunecof	FOUND
xununez	FOUND
xupedas	FOUND
xupinid	FOUND
xuponyf	FOUND
xuralid	FOUND
xurydag	FOUND
xusahun	FOUND
xusazig	FOUND
xusixib	FOUND
xusobyz	FOUND
xusoryb	FOUND
xutagah	FOUND
xutyzim	FOUND
xuxazeg	FOUND
xuxerup	FOUND
xuxubes	FOUND
xuxygyb	FOUND
xuxynov	FOUND
xuzigem	FOUND
xuzixav	FOUND
xybebyt	FOUND
xybomob	FOUND
xyboxod	FOUND
xybunek	FOUND
xyburol	FOUND
xycezol	FOUND
xycusud	FOUND
xycybar	FOUND
xycyxeg	FOUND
xydeluv	FOUND
xyderyg	FOUND
xydesag	FOUND
xydohik	FOUND
xydonir	FOUND
xydotov	FOUND
xyfyrig	FOUND
xyganeb	FOUND
xygekul	FOUND
xygetyh	FOUND
xyguged	FOUND
xyharah	FOUND
xyhedar	FOUND
xyhedaz	FOUND
xyhidax	FOUND
xykamab	FOUND
xykasob	FOUND
xykatoc	FOUND
xykebam	FOUND
xykemuf	FOUND
xykixak	FOUND
xykodys	FOUND
xykumig	FOUND
xylevoh	FOUND
xylexim	FOUND
xylyzyp	FOUND
xymaxen	FOUND
xymogah	FOUND
xynazip	FOUND
xynidav	FOUND
xynorud	FOUND
xynyvon	FOUND
xynyzip	FOUND
xypivat	FOUND
xypuden	FOUND
xypugad	FOUND
xypymux	FOUND
xyredep	FOUND
xyredik	FOUND
xysaxom	FOUND
xysecyg	FOUND
xysypuf	FOUND
xyterid	FOUND
xytubef	FOUND
xytumud	FOUND
xyveked	FOUND
xyvimob	FOUND
xyxatun	FOUND
xyxibiv	FOUND
xyxoham	FOUND
xyzenef	FOUND
xyzesug	FOUND
xyzicok	FOUND
xyzugys	FOUND
xyzutem	FOUND
zabagip	FOUND
zabanim	FOUND
zabelat	FOUND
zabizug	FOUND
zaboben	FOUND
zabomyd	FOUND
zabukup	FOUND
zabulal	FOUND
zacekiz	FOUND
zacitez	FOUND
zacuvag	FOUND
zacybeg	FOUND
zadadan	FOUND
zadaliv	FOUND
zadezod	FOUND
zadibyz	FOUND
zadifyz	FOUND
zadokeh	FOUND
zadykim	FOUND
zafozir	FOUND
zafukat	FOUND
zafutez	FOUND
zafybyk	FOUND
zagahub	FOUND
zagatyg	FOUND
zagebav	MISS
zagexyg	FOUND
zaguror	FOUND
zagykav	FOUND
zahagyc	FOUND
zahakyp	FOUND
zahefoh	FOUND
zahycup	FOUND
zaladix	FOUND
zalamod	FOUND
zalegih	FOUND
zamepyf	FOUND
zamerof	FOUND
zanirek	FOUND
zanovid	FOUND
zanybim	FOUND
zapageb	FOUND
zareryd	FOUND
zasinyg	FOUND
zatigem	FOUND
zatilub	FOUND
zatodos	FOUND
zavidig	FOUND
zaxifeh	FOUND
zaxisuf	FOUND
zaxotob	FOUND
zazilix	FOUND
zazuhyn	FOUND
zazysoz	FOUND
zebadih	FOUND
zebapyk	FOUND
zebatyd	FOUND
zebehat	FOUND
zebohul	FOUND
zebozuz	FOUND
zedagyx	FOUND
zedaxuz	FOUND
zedibis	FOUND
zefocyx	FOUND
zefogub	FOUND
zefuzib	FOUND
zefyget	FOUND
zefyryg	FOUND
zegadiz	FOUND
zegegob	FOUND
zegikuv	FOUND
zegitaf	FOUND
zegyzyb	FOUND
zehyleb	FOUND
zekyrid	FOUND
zelihoz	FOUND
zelomyf	FOUND
zenegus	FOUND
zenykon	FOUND
zepezuh	FOUND
zepusub	FOUND
zerenur	FOUND
zesiman	FOUND
zesopid	FOUND
zetirax	FOUND
zetogef	FOUND
zevagax	FOUND
zevobed	FOUND
zexorid	FOUND
zexydas	FOUND
zexyses	FOUND
zezerym	FOUND
zibatab	FOUND
zibenon	FOUND
zibumek	FOUND
zicigyb	FOUND
zicobar	FOUND
zidadak	FOUND
zidaxav	FOUND
zidemyf	FOUND
zidesog	FOUND
zidesyd	FOUND
zidetiv	FOUND
zidevud	FOUND
zidigiv	FOUND
zidoduc	FOUND
zidygum	FOUND
zidytec	FOUND
zifalyf	FOUND
zifibuf	FOUND
zigedam	FOUND
zigocaf	FOUND
zigunih	FOUND
zigutyp	FOUND
zihihar	FOUND
zihopov	FOUND
zihotug	FOUND
zikypik	FOUND
ziloxyb	FOUND
zilucov	FOUND
zimasat	FOUND
zimodyz	FOUND
zimybax	FOUND
zimykas	FOUND
zimymif	FOUND
zinuced	FOUND
zinytyz	FOUND
zipaveg	FOUND
zipegip	FOUND
zipemyg	FOUND
ziperid	FOUND
zipoxoh	FOUND
zipusup	FOUND
zirafit	FOUND
zirekyc	FOUND
ziriven	FOUND
zisyhit	FOUND
zitotub	FOUND
zixihih	FOUND
zixyhod	FOUND
zixynik	FOUND
zixytaz	FOUND
zizalid	FOUND
zobebod	FOUND
zobuzid	FOUND
zobyfir	FOUND
zobymus	FOUND
zobytuf	FOUND
zobyzyv	FOUND
zocadar	FOUND
zoderom	FOUND
zoduvam	FOUND
zofarig	FOUND
zofylab	FOUND
zogaser	FOUND
zoginok	FOUND
zogodim	FOUND
zogucab	FOUND
zohalax	FOUND
zohofig	FOUND
zokimar	FOUND
zokuzik	FOUND
zolodyv	FOUND
zomafut	FOUND
zomydyb	FOUND
zonabeg	FOUND
zonecaz	FOUND
zonigak	FOUND
zonymul	FOUND
zopidad	FOUND
zopucil	FOUND
zoragas	FOUND
zotakuv	FOUND
zotinav	FOUND
zotyfad	FOUND
zoxakin	FOUND
zoxicyb	FOUND
zoxurub	FOUND
zoxypud	FOUND
zubivic	FOUND
zubotaf	FOUND
zuburyf	FOUND
zubuvim	FOUND
zucaful	FOUND
zucahug	FOUND
zucugug	FOUND
zudadaf	FOUND
zudanut	FOUND
zudekes	FOUND
zudenob	FOUND
zudibuh	MISS
zudybuh	FOUND
zufimig	FOUND
zufixom	FOUND
zufolid	FOUND
zufumas	FOUND
zufyluk	FOUND
zufyzab	FOUND
zugagag	FOUND
zugakyv	FOUND
zugeroz	FOUND
zugokic	FOUND
zuhyxab	FOUND
zukineb	FOUND
zukinuf	FOUND
zukupuf	FOUND
zukytax	FOUND
zulebeh	FOUND
zulucen	FOUND
zumareg	FOUND
zumirer	FOUND
zumohug	FOUND
zunacig	FOUND
zunaxup	FOUND
zupilut	FOUND
zupizeg	FOUND
zuporic	FOUND
zupulit	FOUND
zuranak	FOUND
zurugel	FOUND
zuruhex	FOUND
zurupok	FOUND
zuryhit	FOUND
zurylas	FOUND
zusesos	FOUND
zusihig	FOUND
zusitub	FOUND
zusopaz	FOUND
zusuvod	FOUND
zusyfeg	FOUND
zututis	MISS
zutyzek	FOUND
zuvebyx	FOUND
zuvodyk	FOUND
zuvoxod	FOUND
zuxebyt	FOUND
zuxeduv	FOUND
zuzeced	FOUND
zuzehyx	FOUND
zuzyryz	FOUND
zybafim	FOUND
zybokyb	FOUND
zybuhog	FOUND
zybusyb	FOUND
zybypih	FOUND
zybyxib	FOUND
zycigil	FOUND
zycogys	FOUND
zydafid	FOUND
zydagal	FOUND
zydobas	FOUND
zydodap	FOUND
zydugol	FOUND
zydylat	FOUND
zygecod	FOUND
zygifox	FOUND
zyhebik	FOUND
zyhulev	FOUND
zykidib	FOUND
zykybym	FOUND
zykyfox	FOUND
zylehen	FOUND
zylytol	FOUND
zymufog	FOUND
zymyfis	FOUND
zymygic	FOUND
zymynon	FOUND
zymysis	FOUND
zynemev	FOUND
zynetam	FOUND
zypivut	FOUND
zypohef	FOUND
zypylyx	FOUND
zysanin	FOUND
zysyxam	FOUND
zytalab	FOUND
zytityt	FOUND
zytizyh	FOUND
zytygez	FOUND
zyviguh	FOUND
zyvolos	FOUND
zyvydef	FOUND
zyxihet	FOUND
zyxygak	FOUND
zyzaduf	FOUND
zyzimax	FOUND
zyzozad	FOUND
zyzulym	FOUND
zyzyxuf	FOUND
